date,symbol,open,high,low,close,volume,change,changePercent,vwap
2020-07-30,EBAY,54.0,54.94,53.73,54.72,8018300,0.72,1.33,54.3475
2020-07-31,EBAY,55.06,55.83,54.33,55.28,8945500,0.22,0.39956,55.125
2020-08-03,EBAY,55.69,56.82,55.57,56.57,8830726,0.88,1.58,56.1625
2020-08-04,EBAY,56.27,56.78,55.78,56.33,6120700,0.0579,0.10663,56.29
2020-08-05,EBAY,56.47,56.93,55.98,56.66,6974308,0.19,0.33646,56.51
2020-08-06,EBAY,55.99,56.53,54.84,55.08,8657472,-0.91,-1.63,55.61
2020-08-07,EBAY,55.34,55.92,54.78,55.21,6369480,-0.13,-0.23491,55.3125
2020-08-10,EBAY,55.22,55.29,54.02,54.37,6268438,-0.85,-1.54,54.725
2020-08-11,EBAY,54.21,55.64,53.7,54.29,9325542,0.08,0.14757,54.46
2020-08-12,EBAY,54.4,56.2,54.39,55.49,6977569,1.09,2.0,55.12
2020-08-13,EBAY,55.6,57.06,55.6,56.28,8206341,0.68,1.22,56.135
2020-08-14,EBAY,56.53,57.6,55.87,56.29,6253200,-0.24,-0.42455,56.5725
2020-08-17,EBAY,56.69,57.57,56.3,57.35,5689921,0.66,1.16,56.9775
2020-08-18,EBAY,57.57,57.88,56.94,57.03,4807100,-0.5373,-0.93799,57.355
2020-08-19,EBAY,57.15,58.38,57.03,57.71,7208619,0.565,0.97988,57.5675
2020-08-20,EBAY,57.6,58.06,57.16,57.66,6458400,0.06,0.10417,57.62
2020-08-21,EBAY,57.86,59.06,57.51,58.21,6784603,0.345,0.60491,58.16
2020-08-24,EBAY,58.46,58.96,58.06,58.78,6053230,0.32,0.54738,58.565
2020-08-25,EBAY,58.51,58.89,58.02,58.05,4983200,-0.46,-0.78619,58.3675
2020-08-26,EBAY,57.96,58.66,57.38,58.58,6498800,0.62,1.07,58.145
2020-08-27,EBAY,58.92,58.92,56.2,56.31,8112935,-2.61,-4.43,57.5875
2020-08-28,EBAY,56.26,56.26,54.05,54.27,12445500,-1.99,-3.54,55.21
2020-08-31,EBAY,54.0,54.91,53.57,54.78,13417201,0.78,1.44,54.315
2020-09-01,EBAY,54.95,55.23,53.37,53.65,10127517,-1.3,-2.37,54.3
2020-09-02,EBAY,53.89,55.23,53.51,55.09,10896300,1.2,2.23,54.43
2020-09-03,EBAY,54.64,55.42,52.59,53.16,10157700,-1.48,-2.71,53.9525
2020-09-04,EBAY,52.82,53.33,50.95,52.54,9971559,-0.28,-0.5301,52.41
2020-09-08,EBAY,51.17,52.66,50.97,51.53,12745100,0.36,0.70354,51.5825
2020-09-09,EBAY,52.03,53.71,51.71,53.44,8912100,1.41,2.71,52.7225
2020-09-10,EBAY,53.72,54.6,52.03,52.32,7080713,-1.4,-2.61,53.1675
2020-09-11,EBAY,52.33,53.08,52.1,52.77,7224692,0.44,0.84082,52.57
2020-09-14,EBAY,53.29,53.58,52.21,52.3,7417759,-0.985,-1.86,52.845
2020-09-15,EBAY,52.68,52.99,51.64,51.78,7750000,-0.9,-1.71,52.2725
2020-09-16,EBAY,51.78,52.25,50.29,50.42,9394266,-1.36,-2.63,51.185
2020-09-17,EBAY,49.36,49.44,47.44,48.64,15676200,-0.72,-1.46,48.72
2020-09-18,EBAY,49.0,49.24,48.08,48.61,10017383,-0.39,-0.79592,48.7325
2020-09-21,EBAY,47.93,50.24,47.73,50.14,9097420,2.22,4.61,49.01
2020-09-22,EBAY,50.64,51.04,49.83,50.92,6906312,0.28,0.55292,50.6075
2020-09-23,EBAY,51.15,51.46,50.42,50.68,6502950,-0.47,-0.91887,50.9275
2020-09-24,EBAY,50.22,52.17,50.04,51.78,8182500,1.56,3.11,51.0525
2020-09-25,EBAY,51.97,52.73,51.18,52.48,6852738,0.51,0.98134,52.09
2020-09-28,EBAY,53.2,54.36,53.1,54.04,6507200,0.84,1.58,53.675
2020-09-29,EBAY,53.95,54.3,52.59,52.65,7029265,-1.3,-2.41,53.3725
2020-09-30,EBAY,52.98,53.62,51.51,52.1,9083931,-0.88,-1.66,52.5525
2020-10-01,EBAY,52.37,52.86,52.0,52.38,6659601,0.01,0.0190949,52.4025
2020-10-02,EBAY,51.61,52.43,51.19,51.68,5456738,0.07,0.13563,51.7275
2020-10-05,EBAY,51.94,52.11,51.15,51.77,4954700,-0.17,-0.3273,51.7425
2020-10-06,EBAY,51.91,51.91,49.49,49.66,8824842,-2.25,-4.33,50.7425
2020-10-07,EBAY,50.55,51.11,49.98,50.94,6016408,0.39,0.77151,50.645
2020-10-08,EBAY,51.3,52.18,50.98,52.08,6746800,0.78,1.52,51.635
2020-10-09,EBAY,52.43,55.86,52.32,55.45,12658343,3.02,5.76,54.015
2020-10-12,EBAY,56.2,56.2,54.53,55.38,8092165,-0.82,-1.46,55.5775
2020-10-13,EBAY,55.55,57.82,55.4,57.59,7445700,2.04,3.67,56.59
2020-10-14,EBAY,57.79,58.34,56.43,56.46,7515293,-1.33,-2.3,57.255
2020-10-15,EBAY,55.79,56.11,54.86,55.4,6275916,-0.39,-0.69905,55.54
2020-10-16,EBAY,55.33,56.44,55.19,55.83,6167192,0.5,0.90367,55.6975
2020-10-19,EBAY,56.43,56.9,53.92,54.32,6721200,-2.11,-3.74,55.3925
2020-10-20,EBAY,54.42,55.13,54.03,54.2,6407653,-0.22,-0.40426,54.445
2020-10-21,EBAY,54.29,54.48,52.63,52.82,6557416,-1.47,-2.71,53.555
2020-10-22,EBAY,52.59,52.72,51.57,52.29,5166576,-0.3,-0.57045,52.2925
2020-10-23,EBAY,52.47,53.95,52.47,53.79,5734700,1.32,2.52,53.17
2020-10-26,EBAY,53.49,53.95,52.28,53.34,6597303,-0.15,-0.28043,53.265
2020-10-27,EBAY,53.39,53.84,53.0,53.55,4613049,0.16,0.29968,53.445
2020-10-28,EBAY,52.87,54.1,52.38,53.25,9717200,0.38,0.71874,53.15
2020-10-29,EBAY,49.3,50.8,48.03,49.28,22526800,-0.02,-0.04056795,49.3525
2020-10-30,EBAY,48.77,49.14,46.99,47.63,12566223,-1.14,-2.34,48.1325
2020-11-02,EBAY,48.19,49.34,47.21,47.87,10765800,-0.32,-0.66404,48.1525
2020-11-03,EBAY,48.0,49.38,47.61,48.92,8909545,0.92,1.92,48.4775
2020-11-04,EBAY,49.47,49.64,47.56,47.82,16562125,-1.65,-3.34,48.6225
2020-11-05,EBAY,48.71,49.95,48.47,49.41,10325200,0.7,1.44,49.135
2020-11-06,EBAY,49.7,51.17,49.05,50.69,10244436,0.99,1.99,50.1525
2020-11-09,EBAY,48.0,49.25,46.85,48.32,19388023,0.32,0.66667,48.105
2020-11-10,EBAY,47.55,47.64,45.36,46.54,15521805,-1.01,-2.12,46.7725
2020-11-11,EBAY,47.17,48.1,46.81,47.71,13142300,0.5419,1.14,47.4475
2020-11-12,EBAY,48.13,48.17,46.4,46.59,10267543,-1.54,-3.2,47.3225
2020-11-13,EBAY,46.9,48.72,46.72,48.67,12084765,1.77,3.77,47.7525
2020-11-16,EBAY,48.45,49.17,48.01,48.55,14933349,0.1,0.2064,48.545
2020-11-17,EBAY,48.37,48.9,47.96,48.33,9892613,-0.04,-0.08269589,48.39
2020-11-18,EBAY,48.07,49.46,48.07,48.53,12734100,0.46,0.95694,48.5325
2020-11-19,EBAY,48.65,50.05,48.56,49.78,12012200,1.13,2.32,49.26
2020-11-20,EBAY,49.8,49.88,48.96,48.99,10521533,-0.81,-1.63,49.4075
2020-11-23,EBAY,49.18,50.34,49.1,49.9,9421401,0.72,1.46,49.63
2020-11-24,EBAY,49.92,51.29,49.83,50.53,7223267,0.61,1.22,50.3925
2020-11-25,EBAY,50.75,51.03,50.05,50.45,4438900,-0.3,-0.59113,50.57
2020-11-27,EBAY,50.94,51.93,50.9,51.34,3604040,0.4,0.78524,51.2775
2020-11-30,EBAY,51.03,51.23,49.36,50.43,10743230,-0.6,-1.18,50.5125
2020-12-01,EBAY,50.5,51.46,50.18,50.52,7161528,0.02,0.03960396,50.665
2020-12-02,EBAY,50.52,51.54,50.36,51.35,9281900,0.83,1.64,50.9425
2020-12-03,EBAY,51.25,51.3,50.11,50.29,5354235,-0.96,-1.87,50.7375
2020-12-04,EBAY,50.03,51.19,49.64,50.97,4791038,0.94,1.88,50.4575
2020-12-07,EBAY,50.91,51.01,49.91,50.03,5132246,-0.88,-1.73,50.465
2020-12-08,EBAY,49.91,50.23,49.28,49.89,7091510,-0.02,-0.04007213,49.8275
2020-12-09,EBAY,49.96,50.18,49.22,49.5,6794500,-0.46,-0.92074,49.715
2020-12-10,EBAY,49.4,49.84,48.93,49.6,4344046,0.2,0.40486,49.4425
2020-12-11,EBAY,49.44,49.61,48.67,49.13,4549638,-0.31,-0.62702,49.2125
2020-12-14,EBAY,49.23,50.5,49.23,49.57,9127400,0.34,0.69064,49.6325
2020-12-15,EBAY,49.96,52.1,49.69,52.08,7780397,2.12,4.24,50.9575
2020-12-16,EBAY,52.16,54.89,52.16,53.65,12846706,1.49,2.86,53.215
2020-12-17,EBAY,53.63,53.96,52.44,53.05,6195700,-0.58,-1.08,53.27
2020-12-18,EBAY,53.1,53.26,52.4,53.06,10943142,-0.04,-0.07532957,52.955
2020-12-21,EBAY,52.62,52.68,51.17,51.57,6082303,-1.05,-2.0,52.01
2020-12-22,EBAY,51.71,52.02,51.08,51.62,6216128,-0.09,-0.17405,51.6075
2020-12-23,EBAY,52.0,52.0,51.13,51.13,4739607,-0.87,-1.67,51.565
2020-12-24,EBAY,51.23,51.24,49.94,50.12,2718524,-1.11,-2.17,50.6325
2020-12-28,EBAY,50.5,50.55,49.93,50.24,6187400,-0.26,-0.51485,50.305
2020-12-29,EBAY,50.65,51.11,50.3,50.86,4796748,0.21,0.41461,50.73
2020-12-30,EBAY,51.02,51.51,50.47,50.55,8618922,-0.465,-0.92121,50.8875
2020-12-31,EBAY,50.61,50.81,50.0,50.25,3597307,-0.355,-0.71132,50.4175
2021-01-04,EBAY,50.48,51.9,50.45,51.5,7843511,1.02,2.02,51.0825
2021-01-05,EBAY,51.35,52.28,51.06,52.03,10002445,0.6797,1.32,51.68
2021-01-06,EBAY,51.5,54.29,51.4,53.22,9911400,1.72,3.34,52.6025
2021-01-07,EBAY,53.42,54.23,53.01,53.06,7349028,-0.36,-0.6739,53.43
2021-01-08,EBAY,53.37,54.55,53.23,54.48,6298601,1.11,2.08,53.9075
2021-01-11,EBAY,54.18,54.41,53.47,53.93,6956310,-0.25,-0.46142,53.9975
2021-01-12,EBAY,53.98,56.71,53.88,56.04,11825910,2.06,3.82,55.1525
2021-01-13,EBAY,55.78,56.37,55.36,55.71,8185101,-0.065,-0.12549,55.805
2021-01-14,EBAY,55.83,55.83,54.98,55.27,6937900,-0.56,-1.0,55.4775
2021-01-15,EBAY,55.29,55.71,54.31,55.42,9710614,0.13,0.23512,55.1825
2021-01-19,EBAY,55.55,57.2,55.44,56.98,8942429,1.43,2.57,56.2925
2021-01-20,EBAY,57.3,57.54,56.12,56.17,4798203,-1.13,-1.97,56.7825
2021-01-21,EBAY,56.3,56.47,55.32,56.4,5265856,0.1,0.17762,56.1225
2021-01-22,EBAY,56.2,56.57,55.64,56.46,3317167,0.26,0.46263,56.2175
2021-01-25,EBAY,57.0,58.38,56.82,57.25,9818939,0.25,0.4386,57.3625
2021-01-26,EBAY,57.09,59.31,56.97,59.17,8394700,2.08,3.64,58.135
2021-01-27,EBAY,58.64,60.55,58.05,58.35,10645108,-0.29,-0.49454,58.8975
2021-01-28,EBAY,58.0,58.86,55.94,56.44,11679605,-1.56,-2.69,57.31
2021-01-29,EBAY,56.22,57.58,55.31,56.51,10923300,0.29,0.51583,56.405
2021-02-01,EBAY,56.83,58.7,56.65,58.47,7476223,1.64,2.89,57.6625
2021-02-02,EBAY,58.51,58.78,57.1,57.33,8580900,-1.18,-2.02,57.93
2021-02-03,EBAY,58.1,58.8,57.67,58.04,10673300,-0.06,-0.10327,58.1525
2021-02-04,EBAY,63.96,64.85,60.67,61.12,29410700,-2.84,-4.44,62.65
2021-02-05,EBAY,61.16,62.82,60.24,62.23,12711706,1.07,1.75,61.6125
2021-02-08,EBAY,62.6,64.06,62.56,63.84,9787900,1.24,1.98,63.265
2021-02-09,EBAY,63.87,63.91,62.12,62.23,5036400,-1.64,-2.57,63.0325
2021-02-10,EBAY,62.55,63.22,61.76,62.32,4470900,-0.2253,-0.36771,62.4625
2021-02-11,EBAY,62.6,62.98,61.67,62.31,3660146,-0.29,-0.46326,62.39
2021-02-12,EBAY,62.05,63.19,61.94,63.01,5621800,0.96,1.55,62.5475
2021-02-16,EBAY,63.98,64.0,62.82,62.87,5559800,-1.11,-1.73,63.4175
2021-02-17,EBAY,62.58,63.24,62.05,63.05,4179424,0.475,0.75104,62.73
2021-02-18,EBAY,62.7,63.35,62.22,62.8,5963760,0.1,0.15949,62.7675
2021-02-19,EBAY,63.19,63.36,61.87,61.98,5462514,-1.21,-1.91,62.6
2021-02-22,EBAY,62.1,62.29,60.96,61.56,5252920,-0.54,-0.86957,61.7275
2021-02-23,EBAY,60.68,61.73,59.82,61.37,5826500,0.69,1.14,60.9
2021-02-24,EBAY,60.99,61.05,58.83,59.38,8050000,-1.61,-2.64,60.0625
2021-02-25,EBAY,59.4,59.97,56.85,56.98,7868324,-2.42,-4.07,58.3
2021-02-26,EBAY,57.34,57.66,56.25,56.42,9014000,-0.92,-1.6,56.9175
2021-03-01,EBAY,57.1,58.7,56.53,58.48,6154507,1.38,2.42,57.7025
2021-03-02,EBAY,58.64,58.66,56.89,56.99,7646700,-1.64,-2.81,57.795
2021-03-03,EBAY,56.73,56.95,54.48,54.6,11055547,-2.13,-3.75,55.69
2021-03-04,EBAY,54.47,54.89,52.46,53.34,9940400,-1.13,-2.07,53.79
2021-03-05,EBAY,53.88,54.12,51.51,53.76,8395102,-0.12,-0.22272,53.3175
2021-03-08,EBAY,53.87,55.19,53.45,53.49,7622111,-0.38,-0.7054,54.0
2021-03-09,EBAY,54.6,56.97,54.32,56.17,8407000,1.57,2.88,55.515
2021-03-10,EBAY,56.78,56.78,54.53,55.34,7202600,-1.44,-2.54,55.8575
2021-03-11,EBAY,55.95,56.58,55.46,56.24,5888000,0.29,0.51832,56.0575
2021-03-12,EBAY,55.68,56.1,55.04,55.8,5025837,0.1213,0.21552,55.655
2021-03-15,EBAY,55.85,57.71,55.61,57.67,5862094,1.83,3.26,56.71
2021-03-16,EBAY,57.3,58.19,57.06,57.42,5873600,0.12,0.20942,57.4925
2021-03-17,EBAY,56.73,59.73,56.72,59.0,6788449,2.27,4.0,58.045
2021-03-18,EBAY,58.32,60.12,58.0,58.9,6547623,0.58,0.99451,58.835
2021-03-19,EBAY,59.16,60.03,58.51,59.73,10317941,0.57,0.96349,59.3575
2021-03-22,EBAY,59.92,60.85,59.56,60.29,6584081,0.3655,0.61749,60.155
2021-03-23,EBAY,60.4,61.03,60.01,60.31,5959428,-0.09,-0.14901,60.4375
2021-03-24,EBAY,60.61,60.9,57.58,57.64,7141900,-2.97,-4.9,59.1825
2021-03-25,EBAY,57.73,58.43,56.98,58.09,5705597,0.36,0.62359,57.8075
2021-03-26,EBAY,58.15,60.93,58.04,60.83,7409597,2.68,4.61,59.4875
2021-03-29,EBAY,60.88,61.18,59.28,59.85,7090352,-1.03,-1.69,60.2975
2021-03-30,EBAY,59.53,60.63,59.05,60.32,5400645,0.79,1.33,59.8825
2021-03-31,EBAY,60.84,62.67,60.75,61.24,8516830,0.4,0.65746,61.375
2021-04-01,EBAY,61.4,63.24,61.39,63.11,5210136,1.71,2.79,62.285
2021-04-05,EBAY,63.35,63.98,62.55,63.69,6672800,0.34,0.5367,63.3925
2021-04-06,EBAY,63.63,63.72,62.24,62.52,6396900,-1.11,-1.74,63.0275
2021-04-07,EBAY,62.69,62.69,61.43,61.76,5848300,-0.93,-1.48,62.1425
2021-04-08,EBAY,62.3,62.65,61.76,62.19,3948400,-0.11,-0.17657,62.225
2021-04-09,EBAY,62.08,62.6,61.85,62.47,3801019,0.39,0.62822,62.25
2021-04-12,EBAY,62.47,62.88,62.13,62.64,5003600,0.17,0.27213,62.53
2021-04-13,EBAY,63.02,64.08,62.92,63.82,5264929,0.8,1.27,63.46
2021-04-14,EBAY,63.94,64.39,62.35,62.79,9522826,-1.15,-1.8,63.3675
2021-04-15,EBAY,63.33,64.54,63.03,64.36,4677553,1.03,1.63,63.815
2021-04-16,EBAY,64.52,64.99,64.29,64.93,4650500,0.41,0.63546,64.6825
2021-04-19,EBAY,64.63,65.11,63.6,63.79,5285783,-0.84,-1.3,64.2825
2021-04-20,EBAY,63.63,63.8,61.21,61.79,5506306,-1.84,-2.89,62.6075
2021-04-21,EBAY,61.44,61.87,60.88,61.78,5091900,0.34,0.55339,61.4925
2021-04-22,EBAY,61.85,61.9,60.53,60.74,6849102,-1.11,-1.79,61.255
2021-04-23,EBAY,60.88,61.17,60.44,60.91,5073020,0.03,0.04927727,60.85
2021-04-26,EBAY,61.0,61.61,60.77,61.58,4539307,0.58,0.95082,61.24
2021-04-27,EBAY,61.72,62.31,61.38,61.7,5577600,-0.015,-0.03240441,61.7775
2021-04-28,EBAY,62.08,62.87,61.82,62.32,7814148,0.24,0.3866,62.2725
2021-04-29,EBAY,57.29,57.34,54.95,56.07,31082000,-1.22,-2.13,56.4125
2021-04-30,EBAY,55.73,56.89,55.66,55.79,10069308,0.06,0.10766,56.0175
2021-05-03,EBAY,56.17,58.85,56.12,58.15,12472619,1.98,3.53,57.3225
2021-05-04,EBAY,57.51,58.34,56.82,57.69,9736900,0.18,0.31299,57.59
2021-05-05,EBAY,57.4,58.88,57.39,58.24,7002822,0.84,1.46,57.9775
2021-05-06,EBAY,58.15,58.89,57.76,58.82,7583007,0.67,1.15,58.405
2021-05-07,EBAY,59.1,60.01,58.4,59.78,10347500,0.68,1.15,59.3225
2021-05-10,EBAY,59.56,62.3,59.26,61.44,11628704,1.88,3.16,60.64
2021-05-11,EBAY,60.04,60.99,59.14,60.43,11344500,0.3857,0.64957,60.15
2021-05-12,EBAY,59.69,60.43,58.24,58.28,8763100,-1.41,-2.36,59.16
2021-05-13,EBAY,58.59,59.37,58.06,58.74,6389379,0.15,0.25602,58.69
2021-05-14,EBAY,59.44,61.05,59.3,60.86,6565204,1.42,2.39,60.1625
2021-05-17,EBAY,60.81,61.8,60.54,61.69,6892500,0.88,1.45,61.21
2021-05-18,EBAY,61.7,62.69,60.69,61.29,6110783,-0.41,-0.66451,61.5925
2021-05-19,EBAY,60.4,60.4,59.07,59.79,8050272,-0.61,-1.01,59.915
2021-05-20,EBAY,60.11,60.27,59.35,59.47,8104600,-0.64,-1.06,59.8
2021-05-21,EBAY,59.81,61.38,59.72,61.02,11192200,1.22,2.02,60.4825
2021-05-24,EBAY,61.24,61.95,60.93,60.97,5735100,-0.27,-0.44089,61.2725
2021-05-25,EBAY,61.24,61.84,60.86,61.3,6069940,0.06,0.09797518,61.31
2021-05-26,EBAY,61.19,62.14,61.19,61.44,6710753,0.25,0.40856,61.49
2021-05-27,EBAY,61.2,62.12,59.32,59.51,19669724,-1.69,-2.76,60.5375
2021-05-28,EBAY,59.96,61.42,59.66,60.88,10887624,0.925,1.53,60.48
2021-06-01,EBAY,61.52,62.09,60.73,61.37,5640861,-0.15,-0.24382,61.4275
2021-06-02,EBAY,61.39,63.57,61.02,63.41,10598300,2.02,3.29,62.3475
2021-06-03,EBAY,62.98,64.27,62.59,64.07,7219237,1.09,1.73,63.4775
2021-06-04,EBAY,64.38,65.89,64.14,65.23,8978003,0.85,1.32,64.91
2021-06-07,EBAY,65.31,65.72,64.79,65.45,6123599,0.145,0.21436,65.3175
2021-06-08,EBAY,65.52,65.94,65.26,65.8,5712310,0.28,0.42735,65.63
2021-06-09,EBAY,66.22,66.35,65.4,65.96,6124375,-0.265,-0.39263,65.9825
2021-06-10,EBAY,66.32,66.98,65.77,66.75,5789039,0.43,0.64837,66.455
2021-06-11,EBAY,66.9,67.42,66.83,67.13,5849500,0.23,0.3438,67.07
2021-06-14,EBAY,67.25,67.26,65.17,65.89,6944349,-1.36,-2.02,66.3925
2021-06-15,EBAY,66.0,66.35,65.47,65.96,5011400,-0.04,-0.06060606,65.945
2021-06-16,EBAY,65.44,66.35,65.3,66.09,5626187,0.65,0.99328,65.795
2021-06-17,EBAY,65.67,66.3,65.25,65.33,6398546,-0.34,-0.51774,65.6375
2021-06-18,EBAY,64.84,64.93,63.14,63.26,11438726,-1.58,-2.44,64.0425
2021-06-21,EBAY,63.38,64.97,63.36,64.4,6483904,1.02,1.61,64.0275
2021-06-22,EBAY,64.28,65.13,63.41,64.89,5311268,0.615,0.94897,64.4275
2021-06-23,EBAY,65.02,65.93,64.89,65.3,4462058,0.2796,0.43064,65.285
2021-06-24,EBAY,65.41,66.75,65.14,66.57,5522496,1.16,1.77,65.9675
2021-06-25,EBAY,66.75,68.19,66.75,67.9,8999367,1.15,1.72,67.3975
2021-06-28,EBAY,68.26,68.97,67.57,68.82,5413575,0.56,0.82039,68.405
2021-06-29,EBAY,69.0,70.64,68.85,70.49,6513000,1.49,2.16,69.745
2021-06-30,EBAY,70.23,70.66,69.69,70.21,7299800,-0.02,-0.02847786,70.1975
2021-07-01,EBAY,70.21,70.77,69.03,69.8,8519809,-0.41,-0.58396,69.9525
2021-07-02,EBAY,69.99,70.31,69.36,70.08,4910250,0.09,0.12859,69.935
2021-07-06,EBAY,70.15,70.15,68.89,69.02,6112146,-1.13,-1.61,69.5525
2021-07-07,EBAY,69.16,70.52,68.99,70.07,6019524,0.915,1.32,69.685
2021-07-08,EBAY,68.66,69.29,68.38,68.65,5581827,-0.01,-0.01456452,68.745
2021-07-09,EBAY,68.83,69.95,68.58,69.46,5263641,0.63,0.9153,69.205
2021-07-12,EBAY,69.82,70.25,68.85,68.97,5629012,-0.85,-1.22,69.4725
2021-07-13,EBAY,68.82,69.47,68.5,68.74,4491800,-0.08,-0.11625,68.8825
2021-07-14,EBAY,69.67,70.31,67.96,68.03,6484165,-1.64,-2.35,68.9925
2021-07-15,EBAY,68.06,68.63,67.64,68.14,4578000,0.08,0.11754,68.1175
2021-07-16,EBAY,68.41,68.8,68.14,68.18,4279106,-0.23,-0.33621,68.3825
2021-07-19,EBAY,67.61,68.88,67.28,68.53,6464400,0.925,1.36,68.075
2021-07-20,EBAY,68.7,69.61,68.58,69.57,6223929,0.87,1.27,69.115
2021-07-21,EBAY,69.41,70.07,69.23,69.86,6082554,0.45,0.64832,69.6425
2021-07-22,EBAY,69.85,72.1,69.61,72.06,8802200,2.21,3.16,70.905
2021-07-23,EBAY,72.12,73.77,71.66,73.54,6700500,1.42,1.97,72.7725
2021-07-26,EBAY,72.89,73.97,72.89,73.26,7653900,0.37,0.50761,73.2525
2021-07-27,EBAY,73.09,73.24,71.07,72.29,8159400,-0.8,-1.09,72.4225
2021-07-28,EBAY,72.58,73.57,72.22,72.89,5141052,0.3135,0.42711,72.815
2021-07-29,EBAY,73.14,74.13,73.05,73.41,4963149,0.27,0.36916,73.4325
2021-07-30,EBAY,72.06,72.07,68.08,68.21,11995300,-3.85,-5.34,70.105
2021-08-02,EBAY,68.81,69.36,67.58,68.63,6785149,-0.18,-0.26159,68.595
2021-08-03,EBAY,68.75,68.78,67.64,68.01,5997944,-0.74,-1.08,68.295
2021-08-04,EBAY,67.92,68.7,67.72,68.0,6715916,0.08,0.11779,68.085
2021-08-05,EBAY,67.7,67.88,65.58,67.28,9926204,-0.42,-0.62038,67.11
2021-08-06,EBAY,67.26,67.28,65.27,65.49,8888335,-1.77,-2.63,66.325
2021-08-09,EBAY,65.74,66.32,65.07,65.35,7186400,-0.39,-0.59325,65.62
2021-08-10,EBAY,65.36,67.58,65.35,67.31,7358923,1.95,2.98,66.4
2021-08-11,EBAY,67.22,68.22,66.95,68.02,10104412,0.8,1.19,67.6025
2021-08-12,EBAY,67.17,69.04,66.36,68.89,10680438,1.72,2.56,67.865
2021-08-13,EBAY,68.64,74.15,68.59,74.02,17907608,5.38,7.84,71.35
2021-08-16,EBAY,73.72,76.55,73.51,75.25,12694015,1.53,2.08,74.7575
2021-08-17,EBAY,74.04,74.74,72.66,72.84,9422840,-1.2,-1.62,73.57
2021-08-18,EBAY,72.98,74.14,72.36,72.83,6536400,-0.15,-0.20554,73.0775
2021-08-19,EBAY,72.36,73.55,72.06,72.83,5607281,0.47,0.64953,72.7
2021-08-20,EBAY,72.9,73.84,72.81,73.36,5398789,0.46,0.631,73.2275
2021-08-23,EBAY,73.41,73.47,71.78,73.2,5044717,-0.21,-0.28606,72.965
2021-08-24,EBAY,73.53,74.0,72.62,72.84,6132300,-0.69,-0.93839,73.2475
2021-08-25,EBAY,72.85,74.49,72.71,74.16,5052561,1.31,1.8,73.5525
2021-08-26,EBAY,74.34,75.96,73.76,75.64,5539700,1.3,1.75,74.925
2021-08-27,EBAY,75.3,76.58,75.19,76.41,5093508,1.11,1.47,75.87
2021-08-30,EBAY,76.43,77.83,76.04,77.55,5541738,1.12,1.47,76.9625
2021-08-31,EBAY,77.49,77.72,76.57,76.74,6806300,-0.75,-0.96787,77.13
2021-09-01,EBAY,77.06,77.06,75.9,76.15,5740481,-0.91,-1.18,76.5425
2021-09-02,EBAY,76.31,77.22,76.12,76.49,5031017,0.18,0.23588,76.535
2021-09-03,EBAY,76.31,76.95,75.98,76.53,4437792,0.22,0.2883,76.4425
2021-09-07,EBAY,76.41,76.46,74.65,74.71,6041310,-1.7,-2.22,75.5575
2021-09-08,EBAY,74.82,74.99,73.68,73.93,6351325,-0.89,-1.19,74.355
2021-09-09,EBAY,73.83,74.09,72.94,73.0,5164427,-0.83,-1.12,73.465
2021-09-10,EBAY,73.98,74.27,72.48,72.56,5393137,-1.42,-1.92,73.3225
2021-09-13,EBAY,72.96,73.13,71.87,72.67,5768636,-0.29,-0.39748,72.6575
2021-09-14,EBAY,72.75,73.02,71.03,71.39,6576807,-1.36,-1.87,72.0475
2021-09-15,EBAY,71.96,74.99,71.86,73.99,10771100,2.03,2.82,73.2
2021-09-16,EBAY,73.43,75.11,73.31,74.7,6630312,1.27,1.73,74.1375
2021-09-17,EBAY,74.89,75.1,73.73,74.11,8874889,-0.78,-1.04,74.4575
2021-09-20,EBAY,72.68,73.0,70.75,72.87,9841500,0.1905,0.26142,72.325
2021-09-21,EBAY,73.41,74.03,72.07,72.12,5375285,-1.29,-1.76,72.9075
2021-09-22,EBAY,72.59,73.73,72.38,73.21,4028670,0.62,0.85411,72.9775
2021-09-23,EBAY,73.49,74.41,73.18,73.51,4128848,0.02,0.02721459,73.6475
2021-09-24,EBAY,72.93,73.4,72.72,72.99,3486777,0.06,0.08227067,73.01
2021-09-27,EBAY,72.73,73.81,72.41,73.67,4268700,0.94,1.29,73.155
2021-09-28,EBAY,72.83,73.67,70.73,71.26,5379807,-1.57,-2.16,72.1225
2021-09-29,EBAY,71.52,71.83,69.73,69.97,5621521,-1.55,-2.17,70.7625
2021-09-30,EBAY,70.27,70.66,69.62,69.67,3927253,-0.6,-0.85385,70.055
2021-10-01,EBAY,69.7,70.36,69.02,69.91,4069134,0.21,0.30129,69.7475
2021-10-04,EBAY,69.43,69.58,68.28,68.47,4648400,-0.96,-1.38,68.94
2021-10-05,EBAY,68.88,70.63,68.67,69.97,3932747,1.09,1.58,69.5375
2021-10-06,EBAY,69.31,71.6,69.14,71.54,4867000,2.23,3.22,70.3975
2021-10-07,EBAY,72.97,75.17,72.85,74.17,7309200,1.2,1.64,73.79
2021-10-08,EBAY,74.44,75.95,74.33,75.05,4672839,0.61,0.81945,74.9425
2021-10-11,EBAY,74.69,74.9,74.2,74.5,2817900,-0.19,-0.25438,74.5725
2021-10-12,EBAY,75.21,75.71,74.51,74.67,3408381,-0.54,-0.71799,75.025
2021-10-13,EBAY,74.97,75.33,74.24,74.9,2929525,-0.07,-0.09337068,74.86
2021-10-14,EBAY,75.55,75.75,74.22,74.68,4770057,-0.87,-1.15,75.05
2021-10-15,EBAY,75.24,75.42,74.64,74.9,4358548,-0.34,-0.45189,75.05
2021-10-18,EBAY,74.67,75.05,73.89,74.25,5730048,-0.42,-0.56247,74.465
2021-10-19,EBAY,74.41,75.38,74.38,74.72,3425809,0.31,0.41661,74.7225
2021-10-20,EBAY,74.96,76.95,74.62,75.97,5201700,1.01,1.35,75.625
2021-10-21,EBAY,75.58,76.27,75.06,76.21,3615500,0.6319,0.83355,75.78
2021-10-22,EBAY,76.29,81.19,76.29,80.59,11047525,4.3,5.64,78.59
2021-10-25,EBAY,80.59,81.06,79.9,80.57,6299600,-0.02,-0.02481697,80.53
2021-10-26,EBAY,80.97,80.98,78.4,78.5,6145700,-2.47,-3.05,79.7125
2021-10-27,EBAY,78.25,78.5,77.29,77.66,7896527,-0.59,-0.75399,77.925
2021-10-28,EBAY,74.03,74.48,70.55,72.41,17831800,-1.62,-2.19,72.8675
2021-10-29,EBAY,72.07,76.98,72.07,76.72,16714321,4.66,6.45,74.46
2021-11-01,EBAY,76.47,77.61,75.55,76.3,7915700,-0.17,-0.22231,76.4825
2021-11-02,EBAY,75.63,76.38,74.47,74.9,7002322,-0.73,-0.96523,75.345
2021-11-03,EBAY,74.69,76.13,73.86,75.45,9462680,0.76,1.02,75.0325
2021-11-04,EBAY,75.66,77.0,74.95,76.28,5958200,0.62,0.81946,75.9725
2021-11-05,EBAY,76.65,76.94,75.53,75.57,4692850,-1.08,-1.41,76.1725
2021-11-08,EBAY,75.79,76.53,73.5,73.76,8320500,-2.03,-2.68,74.895
2021-11-09,EBAY,74.1,75.47,73.78,73.96,8317799,-0.14,-0.18893,74.3275
2021-11-10,EBAY,73.87,74.72,72.94,73.23,6126600,-0.64,-0.86639,73.69
2021-11-11,EBAY,74.03,74.95,73.29,73.3,4201145,-0.73,-0.98609,73.8925
2021-11-12,EBAY,73.46,74.13,72.53,73.91,3793610,0.45,0.61258,73.5075
2021-11-15,EBAY,74.47,76.24,74.0,74.21,5079476,-0.26,-0.34913,74.73
2021-11-16,EBAY,74.3,76.58,74.19,75.89,6200423,1.59,2.14,75.24
2021-11-17,EBAY,75.8,75.92,72.99,73.38,6393343,-2.42,-3.19,74.5225
2021-11-18,EBAY,73.5,75.05,73.46,74.72,9834289,1.22,1.66,74.1825
2021-11-19,EBAY,74.9,76.41,74.47,74.63,5573805,-0.27,-0.36048,75.1025
2021-11-22,EBAY,74.43,75.19,73.54,73.57,4577106,-0.86,-1.16,74.1825
2021-11-23,EBAY,73.21,73.38,71.04,71.65,10521545,-1.56,-2.13,72.32
2021-11-24,EBAY,71.35,72.88,70.91,72.66,4675212,1.31,1.84,71.95
2021-11-26,EBAY,72.97,73.6,72.1,72.47,4121923,-0.5,-0.68521,72.785
2021-11-29,EBAY,72.54,72.66,69.53,70.55,7789500,-1.99,-2.74,71.32
2021-11-30,EBAY,70.33,70.72,66.89,67.46,21869100,-2.87,-4.08,68.85
2021-12-01,EBAY,68.64,68.65,66.74,66.81,11859717,-1.83,-2.67,67.71
2021-12-02,EBAY,67.17,67.95,66.28,67.48,8384900,0.31,0.46152,67.22
2021-12-03,EBAY,67.78,68.54,66.31,67.05,10336625,-0.73,-1.08,67.42
2021-12-06,EBAY,67.13,67.14,65.54,66.07,6413139,-1.06,-1.58,66.47
2021-12-07,EBAY,66.72,67.65,66.53,67.23,6224509,0.51,0.76439,67.0325
2021-12-08,EBAY,67.33,67.71,66.28,67.16,6751941,-0.17,-0.25249,67.12
2021-12-09,EBAY,66.99,67.69,66.55,66.6,4523800,-0.39,-0.58218,66.9575
2021-12-10,EBAY,66.81,67.15,65.94,66.89,7593727,0.0806,0.11974,66.6975
2021-12-13,EBAY,66.47,67.44,66.22,66.69,6043700,0.22,0.33098,66.705
2021-12-14,EBAY,66.25,66.46,65.27,65.85,9297812,-0.4,-0.60377,65.9575
2021-12-15,EBAY,65.32,65.76,64.25,65.61,10196400,0.29,0.44397,65.235
2021-12-16,EBAY,65.78,66.13,63.95,64.04,8521400,-1.74,-2.65,64.975
2021-12-17,EBAY,63.65,65.15,62.97,64.03,19372675,0.38,0.59701,63.95
2021-12-20,EBAY,62.91,65.16,62.82,63.79,8123718,0.88,1.4,63.67
2021-12-21,EBAY,64.21,64.55,63.3,63.71,9835736,-0.5,-0.77869,63.9425
2021-12-22,EBAY,63.75,64.65,63.34,63.94,5835919,0.19,0.29804,63.92
2021-12-23,EBAY,64.0,65.44,63.67,64.89,6045400,0.89,1.39,64.5
2021-12-27,EBAY,65.21,65.85,64.97,65.66,6050452,0.45,0.69008,65.4225
2021-12-28,EBAY,65.82,66.72,65.47,66.08,5534908,0.26,0.39502,66.0225
2021-12-29,EBAY,65.93,66.75,65.6,66.46,3654604,0.53,0.80388,66.185
2021-12-30,EBAY,66.28,67.65,66.24,66.78,3673600,0.5,0.75438,66.7375
2021-12-31,EBAY,66.74,66.92,65.73,66.5,5935800,-0.24,-0.3596,66.4725
2022-01-03,EBAY,66.45,67.12,65.66,66.8,6685654,0.35,0.52671,66.5075
2022-01-04,EBAY,67.17,67.42,64.44,65.14,7527336,-2.03,-3.02,66.0425
2022-01-05,EBAY,64.87,66.27,64.46,64.49,7440725,-0.38,-0.58579,65.0225
2022-01-06,EBAY,64.14,67.49,64.08,66.81,8218400,2.67,4.16,65.63
2022-01-07,EBAY,66.73,67.33,66.28,66.32,5000956,-0.41,-0.61442,66.665
2022-01-10,EBAY,65.72,66.33,63.72,64.57,6684049,-1.15,-1.75,65.085
2022-01-11,EBAY,64.58,66.52,64.07,66.43,3811147,1.85,2.86,65.4
2022-01-12,EBAY,66.87,66.99,63.85,64.32,5426022,-2.55,-3.81,65.5075
2022-01-13,EBAY,64.74,65.24,63.17,63.28,4416900,-1.46,-2.26,64.1075
2022-01-14,EBAY,63.17,63.84,62.64,63.45,6253100,0.28,0.44325,63.275
2022-01-18,EBAY,62.8,62.8,61.53,61.61,7163920,-1.19,-1.89,62.185
2022-01-19,EBAY,61.96,62.84,61.92,62.29,6721800,0.33,0.5326,62.2525
2022-01-20,EBAY,62.85,63.68,60.67,60.71,5352535,-2.14,-3.4,61.9775
2022-01-21,EBAY,60.92,61.34,59.37,59.54,7742200,-1.38,-2.27,60.2925
2022-01-24,EBAY,58.97,59.72,56.88,59.66,9319493,0.695,1.17,58.8075
2022-01-25,EBAY,58.44,58.57,56.92,58.18,7635930,-0.26,-0.4449,58.0275
2022-01-26,EBAY,58.57,59.49,57.2,57.71,7599830,-0.86,-1.47,58.2425
2022-01-27,EBAY,58.04,58.71,56.4,56.7,4948479,-1.34,-2.31,57.4625
2022-01-28,EBAY,56.74,57.6,55.91,57.54,5027345,0.8,1.41,56.9475
2022-01-31,EBAY,57.73,60.39,57.66,60.07,9059308,2.34,4.05,58.9625
2022-02-01,EBAY,59.91,60.62,59.57,60.48,4080626,0.57,0.95143,60.145
2022-02-02,EBAY,60.47,60.59,57.42,58.54,8826229,-1.93,-3.19,59.255
2022-02-03,EBAY,58.0,58.09,56.93,57.19,6287353,-0.81,-1.4,57.5525
2022-02-04,EBAY,57.34,60.27,57.25,59.29,10587066,1.95,3.4,58.5375
2022-02-07,EBAY,59.18,59.73,58.54,58.7,5718400,-0.48,-0.81108,59.0375
2022-02-08,EBAY,58.44,59.91,58.44,59.73,3770723,1.29,2.21,59.13
2022-02-09,EBAY,60.37,60.66,59.7,60.61,3448800,0.24,0.39755,60.335
2022-02-10,EBAY,59.49,60.03,58.48,58.81,3976438,-0.682,-1.14,59.2025
2022-02-11,EBAY,59.31,59.94,58.05,58.38,5897311,-0.93,-1.57,58.92
2022-02-14,EBAY,58.53,58.64,57.68,58.18,5714564,-0.35,-0.59798,58.2575
2022-02-15,EBAY,58.96,59.99,58.63,59.93,3803826,0.97,1.65,59.3775
2022-02-16,EBAY,59.69,59.75,57.26,57.65,5201800,-2.04,-3.42,58.5875
2022-02-17,EBAY,57.48,57.7,55.53,55.76,5659313,-1.72,-2.99,56.6175
2022-02-18,EBAY,55.36,55.89,54.27,55.46,7219816,0.1,0.18064,55.245
2022-02-22,EBAY,55.12,56.75,54.89,55.15,6951000,0.03,0.05442671,55.4775
2022-02-23,EBAY,55.53,55.89,54.47,54.59,11482500,-0.94,-1.69,55.12
2022-02-24,EBAY,50.23,55.64,49.53,55.44,24110823,5.21,10.37,52.71
2022-02-25,EBAY,55.37,55.57,53.38,54.6,8340200,-0.77,-1.39,54.73
2022-02-28,EBAY,54.32,54.99,53.41,54.59,9281347,0.27,0.49705,54.3275
2022-03-01,EBAY,54.56,55.05,53.94,54.35,9298975,-0.21,-0.3849,54.475
2022-03-02,EBAY,54.35,55.45,53.68,55.09,8496734,0.74,1.36,54.6425
2022-03-03,EBAY,55.64,55.64,53.46,54.42,6139200,-1.22,-2.19,54.79
2022-03-04,EBAY,54.29,56.44,54.09,55.66,8300801,1.37,2.52,55.12
2022-03-07,EBAY,55.5,56.46,54.74,54.85,9961700,-0.65,-1.17,55.3875
2022-03-08,EBAY,54.94,55.93,53.25,53.31,9549000,-1.63,-2.97,54.3575
2022-03-09,EBAY,53.93,53.93,52.6,53.06,10250423,-0.87,-1.61,53.38
2022-03-10,EBAY,53.02,55.48,51.28,52.36,18926205,-0.66,-1.24,53.035
2022-03-11,EBAY,52.9,52.9,50.0,50.06,9217700,-2.84,-5.37,51.465
2022-03-14,EBAY,50.2,53.25,50.01,52.09,9205630,1.89,3.76,51.3875
2022-03-15,EBAY,52.51,54.56,52.22,53.94,8927400,1.43,2.72,53.3075
2022-03-16,EBAY,53.79,54.9,53.08,54.77,7561530,0.98,1.82,54.135
2022-03-17,EBAY,54.28,55.86,54.06,55.67,5974100,1.39,2.56,54.9675
2022-03-18,EBAY,55.1,56.67,55.1,56.02,10588515,0.92,1.67,55.7225
2022-03-21,EBAY,55.58,56.25,54.88,55.32,5918500,-0.26,-0.46779,55.5075
2022-03-22,EBAY,54.98,56.26,54.95,55.75,7120376,0.77,1.4,55.485
2022-03-23,EBAY,55.42,56.06,54.65,55.6,5329020,0.18,0.32479,55.4325
2022-03-24,EBAY,55.74,57.39,55.54,57.23,6893128,1.49,2.67,56.475
2022-03-25,EBAY,57.38,58.05,56.95,57.42,6240900,0.04,0.0697107,57.45
2022-03-28,EBAY,57.42,58.84,56.93,58.78,7156428,1.36,2.37,57.9925
2022-03-29,EBAY,59.38,60.39,59.38,60.21,5341186,0.83,1.4,59.84
2022-03-30,EBAY,59.73,60.34,59.12,59.36,5943000,-0.37,-0.61945,59.6375
2022-03-31,EBAY,59.16,59.16,57.24,57.26,9380744,-1.9,-3.21,58.205
2022-04-01,EBAY,57.87,58.33,57.3,57.71,4950113,-0.16,-0.27648,57.8025
2022-04-04,EBAY,58.08,58.37,56.49,56.73,6653880,-1.35,-2.32,57.4175
2022-04-05,EBAY,56.68,57.73,55.98,56.4,5040637,-0.28,-0.494,56.6975
2022-04-06,EBAY,55.83,56.15,53.48,54.12,6359587,-1.71,-3.06,54.895
2022-04-07,EBAY,53.88,54.84,53.5,54.38,4998803,0.5,0.92799,54.15
2022-04-08,EBAY,54.5,55.44,54.12,55.03,3747483,0.53,0.97248,54.7725
2022-04-11,EBAY,54.36,56.23,54.36,54.89,4101940,0.53,0.97498,54.96
2022-04-12,EBAY,55.33,55.78,54.12,54.24,3987493,-1.09,-1.97,54.8675
2022-04-13,EBAY,54.09,55.47,53.96,55.12,3787060,1.03,1.9,54.66
2022-04-14,EBAY,55.2,55.47,53.98,54.15,4452200,-1.05,-1.9,54.7
2022-04-18,EBAY,53.83,54.75,53.67,54.56,4115398,0.73,1.36,54.2025
2022-04-19,EBAY,54.16,55.22,54.16,55.17,4698343,1.01,1.86,54.6775
2022-04-20,EBAY,55.32,55.36,54.76,54.86,4937900,-0.46,-0.83153,55.075
2022-04-21,EBAY,55.23,55.86,54.55,54.77,4408847,-0.46,-0.83288,55.1025
2022-04-22,EBAY,54.6,54.83,53.08,53.17,4914849,-1.43,-2.62,53.92
2022-04-25,EBAY,52.93,53.88,52.71,53.63,5503611,0.7,1.32,53.2875
2022-04-26,EBAY,53.59,53.96,52.48,53.1,4951721,-0.49,-0.91435,53.2825
2022-04-27,EBAY,52.99,53.89,52.0,52.06,4905781,-0.93,-1.76,52.735
2022-04-28,EBAY,52.47,54.05,52.15,53.77,6008500,1.3,2.48,53.11
2022-04-29,EBAY,51.52,53.98,51.52,51.92,8341284,0.4,0.7764,52.235
2022-05-02,EBAY,51.97,53.22,51.46,53.15,6139833,1.18,2.27,52.45
2022-05-03,EBAY,53.28,54.25,53.02,53.46,8059031,0.18,0.33784,53.5025
2022-05-04,EBAY,53.48,54.49,52.32,54.42,9500200,0.94,1.76,53.6775
2022-05-05,EBAY,51.21,51.82,47.29,48.04,19285112,-3.17,-6.19,49.59
2022-05-06,EBAY,48.0,49.64,47.03,48.81,11281345,0.81,1.69,48.37
2022-05-09,EBAY,48.08,50.92,47.67,49.26,12832114,1.18,2.45,48.9825
2022-05-10,EBAY,49.97,50.89,48.38,48.59,7614938,-1.38,-2.76,49.4575
2022-05-11,EBAY,48.31,48.95,46.47,46.58,7085335,-1.73,-3.58,47.5775
2022-05-12,EBAY,45.98,47.82,45.19,46.16,8920426,0.18,0.39147,46.2875
2022-05-13,EBAY,46.46,46.76,45.72,46.65,6455232,0.19,0.40895,46.3975
2022-05-16,EBAY,46.49,46.49,44.91,45.09,6940770,-1.4,-3.01,45.745
2022-05-17,EBAY,45.64,47.12,45.4,46.92,5704516,1.28,2.8,46.27
2022-05-18,EBAY,46.1,46.78,44.65,44.94,5883294,-1.16,-2.52,45.6175
2022-05-19,EBAY,44.62,45.33,44.02,44.62,7668700,0.0,0.0,44.6475
2022-05-20,EBAY,44.96,45.32,43.28,44.31,7445800,-0.65,-1.45,44.4675
2022-05-23,EBAY,44.74,45.35,44.0,45.19,6122500,0.45,1.01,44.82
2022-05-24,EBAY,44.4,45.63,43.62,44.18,8315143,-0.22,-0.4955,44.4575
2022-05-25,EBAY,43.87,45.13,43.87,44.81,7522276,0.94,2.14,44.42
2022-05-26,EBAY,45.68,46.81,45.49,46.47,6299006,0.79,1.73,46.1125
2022-05-27,EBAY,47.22,48.83,47.05,48.82,8695422,1.6,3.39,47.98
2022-05-31,EBAY,48.44,49.3,47.32,48.67,17674900,0.23,0.47481,48.4325
2022-06-01,EBAY,49.08,49.08,46.81,46.97,7174865,-2.11,-4.3,47.985
2022-06-02,EBAY,46.86,47.78,46.45,47.77,5287932,0.91,1.94,47.215
2022-06-03,EBAY,47.32,47.55,46.79,47.09,6122200,-0.23,-0.48605,47.1875
2022-06-06,EBAY,47.99,48.76,47.47,47.67,5350174,-0.32,-0.66681,47.9725
2022-06-07,EBAY,46.9,47.67,46.68,47.51,5114407,0.61,1.3,47.19
2022-06-08,EBAY,47.82,48.14,47.3,47.68,4401853,-0.14,-0.29276,47.735
2022-06-09,EBAY,47.2,47.44,46.43,46.69,5139157,-0.51,-1.08,46.94
2022-06-10,EBAY,44.35,45.58,44.28,44.28,8764946,-0.07,-0.15784,44.6225
2022-06-13,EBAY,43.01,43.97,42.67,42.93,9224549,-0.08,-0.186,43.145
2022-06-14,EBAY,43.2,43.59,42.21,42.58,5288483,-0.62,-1.44,42.895
2022-06-15,EBAY,42.97,44.05,42.58,43.51,8232220,0.54,1.26,43.2775
2022-06-16,EBAY,42.29,42.5,40.52,41.08,9955065,-1.21,-2.86,41.5975
2022-06-17,EBAY,41.51,42.57,41.43,42.21,21193829,0.705,1.69,41.93
2022-06-21,EBAY,42.7,43.47,42.2,42.29,7628500,-0.41,-0.96019,42.665
2022-06-22,EBAY,41.88,43.66,41.83,43.13,7343146,1.25,2.98,42.625
2022-06-23,EBAY,42.17,43.11,42.05,42.97,5244758,0.8,1.9,42.575
2022-06-24,EBAY,43.35,45.78,43.22,45.67,20444440,2.32,5.35,44.505
2022-06-27,EBAY,45.87,45.94,44.22,44.38,4703400,-1.48,-3.25,45.1025
2022-06-28,EBAY,43.4,44.48,42.6,42.65,5435648,-0.75,-1.73,43.2825
2022-06-29,EBAY,42.58,43.03,42.3,42.67,3517100,0.09,0.21137,42.645
2022-06-30,EBAY,42.42,42.42,41.02,41.67,6571892,-0.75,-1.77,41.8825
2022-07-01,EBAY,41.94,43.04,41.76,42.89,4950892,0.95,2.27,42.4075
2022-07-05,EBAY,42.26,43.96,41.89,43.93,6413936,1.67,3.95,43.01
2022-07-06,EBAY,44.4,44.96,43.56,43.72,6444067,-0.68,-1.53,44.16
2022-07-07,EBAY,43.72,44.07,43.19,43.82,6216125,0.1,0.22873,43.7
2022-07-08,EBAY,43.4,43.83,42.75,43.14,3716315,-0.26,-0.59908,43.28
2022-07-11,EBAY,43.02,43.16,42.39,42.83,5986844,-0.19,-0.44166,42.85
2022-07-12,EBAY,43.06,43.95,42.87,43.2,4751000,0.145,0.32513,43.27
2022-07-13,EBAY,42.2,43.15,41.94,42.49,4439945,0.29,0.6872,42.445
2022-07-14,EBAY,42.2,42.36,41.22,42.03,3624800,-0.17,-0.40284,41.9525
2022-07-15,EBAY,42.99,43.96,42.85,43.61,6407300,0.62,1.44,43.3525
2022-07-18,EBAY,43.98,44.73,43.35,43.59,4544300,-0.39,-0.88677,43.9125
2022-07-19,EBAY,43.89,45.49,43.89,45.38,4290579,1.49,3.39,44.6625
2022-07-20,EBAY,45.59,46.47,45.42,46.19,4066096,0.6,1.32,45.9175
2022-07-21,EBAY,46.08,46.67,45.85,46.65,2964100,0.57,1.24,46.3125
2022-07-22,EBAY,46.59,47.37,46.36,46.68,4908423,0.09,0.19317,46.75
2022-07-25,EBAY,46.68,47.04,46.14,46.56,4042604,-0.12,-0.25707,46.605
2022-07-26,EBAY,45.39,45.79,45.25,45.66,3834200,0.27,0.59484,45.5225
2022-07-27,EBAY,45.95,47.52,45.83,47.18,4123000,1.23,2.68,46.62
2022-07-28,EBAY,47.37,48.24,46.48,48.21,4914748,0.84,1.77,47.575
2022-07-29,EBAY,49.13,49.73,48.38,48.63,7241429,-0.5,-1.02,48.9675
2022-08-01,EBAY,47.85,49.34,47.65,48.94,4805884,1.09,2.28,48.445
2022-08-02,EBAY,48.69,48.84,47.75,48.43,5250724,-0.26,-0.53399,48.4275
2022-08-03,EBAY,49.0,50.82,49.0,50.48,8749827,1.48,3.02,49.825
2022-08-04,EBAY,50.1,50.19,46.66,47.87,10604504,-2.23,-4.45,48.705
2022-08-05,EBAY,47.33,47.66,46.69,47.28,5487413,-0.05,-0.10564,47.24
2022-08-08,EBAY,47.63,49.0,47.2,47.61,4786588,-0.02,-0.04199034,47.86
2022-08-09,EBAY,47.57,48.02,47.02,48.0,6075128,0.43,0.90393,47.6525
2022-08-10,EBAY,48.86,49.29,48.47,48.5,4848400,-0.36,-0.7368,48.78
2022-08-11,EBAY,48.87,49.52,48.13,48.57,4582022,-0.3,-0.61387,48.7725
2022-08-12,EBAY,48.95,49.48,48.68,49.44,2885801,0.49,1.0,49.1375
2022-08-15,EBAY,49.17,49.24,48.2,48.68,3710100,-0.49,-0.99654,48.8225
2022-08-16,EBAY,48.69,50.17,48.58,49.5,5314636,0.81,1.66,49.235
2022-08-17,EBAY,48.89,49.03,48.24,48.57,3832350,-0.32,-0.65453,48.6825
2022-08-18,EBAY,48.39,48.72,47.82,48.54,3534130,0.15,0.30998,48.3675
2022-08-19,EBAY,47.85,48.08,46.55,47.07,4377615,-0.78,-1.63,47.3875
2022-08-22,EBAY,46.7,46.7,45.33,45.39,4322513,-1.31,-2.81,46.03
2022-08-23,EBAY,45.32,46.36,45.16,45.43,4307267,0.11,0.24272,45.5675
2022-08-24,EBAY,45.23,46.26,45.17,45.53,4212160,0.3,0.66328,45.5475
2022-08-25,EBAY,45.73,46.62,45.56,46.59,3227800,0.86,1.88,46.125
2022-08-26,EBAY,47.03,47.21,44.51,44.53,3978253,-2.5,-5.32,45.82
2022-08-29,EBAY,44.26,44.85,43.9,44.46,4539236,0.2,0.45188,44.3675
2022-08-30,EBAY,44.87,45.06,44.08,44.45,4275050,-0.42,-0.93604,44.615
2022-08-31,EBAY,44.69,44.81,43.91,44.13,7289300,-0.56,-1.25,44.385
2022-09-01,EBAY,43.99,44.8,43.63,44.77,4660500,0.78,1.77,44.2975
2022-09-02,EBAY,45.19,45.46,43.83,44.11,4203055,-1.08,-2.39,44.6475
2022-09-06,EBAY,44.22,44.29,42.93,43.04,6219900,-1.18,-2.67,43.62
2022-09-07,EBAY,43.15,44.87,43.09,44.66,4814704,1.51,3.5,43.9425
2022-09-08,EBAY,44.36,44.52,43.56,44.25,5945800,-0.11,-0.24797,44.1725
2022-09-09,EBAY,44.38,45.16,44.27,45.1,4264810,0.72,1.62,44.7275
2022-09-12,EBAY,45.37,45.85,45.11,45.52,4737582,0.15,0.33061,45.4625
2022-09-13,EBAY,44.15,44.39,42.61,42.79,6326522,-1.36,-3.08,43.485
2022-09-14,EBAY,42.89,42.92,41.88,42.57,7176200,-0.315,-0.74609,42.565
2022-09-15,EBAY,42.49,43.83,42.43,42.66,6821688,0.17,0.40009,42.8525
2022-09-16,EBAY,41.85,42.14,41.14,42.0,9313680,0.15,0.35842,41.7825
2022-09-19,EBAY,41.77,41.87,41.08,41.35,6713063,-0.415,-1.01,41.5175
2022-09-20,EBAY,41.04,41.04,39.71,39.9,7587895,-1.14,-2.78,40.4225
2022-09-21,EBAY,40.04,40.31,38.8,38.93,6350487,-1.11,-2.77,39.52
2022-09-22,EBAY,38.85,38.93,38.01,38.3,5490500,-0.555,-1.42,38.5225
2022-09-23,EBAY,38.03,38.22,37.5,38.19,5161244,0.16,0.42072,37.985
2022-09-26,EBAY,38.16,39.1,38.1,38.13,5571700,-0.03,-0.07861635,38.3725
2022-09-27,EBAY,38.52,38.59,37.27,37.57,5298000,-0.95,-2.47,37.9875
2022-09-28,EBAY,37.6,38.82,37.55,38.61,4452792,1.01,2.69,38.145
2022-09-29,EBAY,37.96,38.06,37.28,37.69,4211800,-0.27,-0.71128,37.7475
2022-09-30,EBAY,37.41,37.96,36.76,36.81,5953300,-0.6,-1.6,37.235
2022-10-03,EBAY,36.94,37.62,36.18,37.22,8930322,0.28,0.75799,36.99
2022-10-04,EBAY,38.11,39.18,38.09,38.67,8189850,0.56,1.47,38.5125
2022-10-05,EBAY,38.25,39.49,38.18,39.12,7290530,0.87,2.27,38.76
2022-10-06,EBAY,38.95,39.63,38.84,38.89,6471815,-0.06,-0.15404,39.0775
2022-10-07,EBAY,38.51,38.58,37.42,37.55,6731600,-0.96,-2.49,38.015
2022-10-10,EBAY,37.91,38.09,37.29,37.56,5192146,-0.35,-0.92324,37.7125
2022-10-11,EBAY,37.21,37.8,36.62,36.95,6222447,-0.262,-0.69874,37.145
2022-10-12,EBAY,36.99,37.24,36.61,37.13,6324305,0.14,0.37848,36.9925
2022-10-13,EBAY,36.21,38.34,35.92,37.96,7866691,1.75,4.83,37.1075
2022-10-14,EBAY,38.3,38.46,37.01,37.08,5716910,-1.22,-3.19,37.7125
2022-10-17,EBAY,38.01,38.45,37.79,37.85,5976091,-0.16,-0.42094,38.025
2022-10-18,EBAY,38.99,39.32,38.16,38.5,5326501,-0.49,-1.26,38.7425
2022-10-19,EBAY,38.28,38.64,37.28,37.81,5097833,-0.47,-1.23,38.0025
2022-10-20,EBAY,37.7,38.66,37.48,37.62,5105248,-0.08,-0.2122,37.865
2022-10-21,EBAY,37.41,38.45,37.08,38.41,4449415,1.0,2.67,37.8375
2022-10-24,EBAY,38.41,38.82,37.6,38.68,5899100,0.27,0.70294,38.3775
2022-10-25,EBAY,38.61,39.12,38.14,38.97,6544224,0.36,0.9324,38.71
2022-10-26,EBAY,38.99,40.56,38.92,39.57,5856221,0.58,1.49,39.51
2022-10-27,EBAY,39.7,40.63,39.62,39.85,6130417,0.15,0.37783,39.95
2022-10-28,EBAY,38.8,40.41,38.48,40.32,7750528,1.52,3.92,39.5025
2022-10-31,EBAY,40.35,40.61,39.42,39.84,6860700,-0.51,-1.26,40.055
2022-11-01,EBAY,40.52,40.84,39.3,39.81,4960340,-0.71,-1.75,40.1175
2022-11-02,EBAY,39.92,40.0,38.01,38.06,8540514,-1.86,-4.66,38.9975
2022-11-03,EBAY,39.91,40.93,38.41,38.82,14052700,-1.09,-2.73,39.5175
2022-11-04,EBAY,39.47,40.78,39.03,40.07,7329916,0.6,1.52,39.8375
2022-11-07,EBAY,40.37,40.66,39.37,40.58,5258348,0.21,0.52019,40.245
2022-11-08,EBAY,40.58,42.24,40.22,41.6,7889235,1.02,2.51,41.16
2022-11-09,EBAY,41.35,41.46,40.49,40.57,5208101,-0.775,-1.89,40.9675
2022-11-10,EBAY,42.49,44.8,42.26,44.66,9206002,2.17,5.11,43.5525
2022-11-11,EBAY,45.0,46.99,44.74,46.51,7298886,1.51,3.36,45.81
2022-11-14,EBAY,46.34,46.89,45.85,45.91,6188147,-0.43,-0.92792,46.2475
2022-11-15,EBAY,47.07,47.13,46.03,47.02,5466800,-0.05,-0.10622,46.8125
2022-11-16,EBAY,46.28,46.46,45.31,45.49,5263536,-0.79,-1.71,45.885
2022-11-17,EBAY,44.66,45.65,44.57,45.47,3622399,0.81,1.81,45.0875
2022-11-18,EBAY,46.12,46.15,45.25,45.68,3792217,-0.44,-0.95403,45.8
2022-11-21,EBAY,45.36,45.6,44.54,44.73,4096100,-0.63,-1.39,45.0575
2022-11-22,EBAY,44.88,45.16,44.41,45.13,3817045,0.25,0.55704,44.895
2022-11-23,EBAY,45.35,45.78,45.11,45.23,4981667,-0.12,-0.26461,45.3675
2022-11-25,EBAY,44.67,45.21,44.56,45.04,2329800,0.37,0.8283,44.87
2022-11-28,EBAY,45.0,45.39,44.25,44.33,5878400,-0.67,-1.49,44.7425
2022-11-29,EBAY,44.6,44.66,43.62,43.77,4421407,-0.83,-1.86,44.1625
2022-11-30,EBAY,43.84,45.63,43.53,45.44,8882349,1.6,3.65,44.61
2022-12-01,EBAY,45.36,46.09,45.05,45.16,4785600,-0.2,-0.44092,45.415
2022-12-02,EBAY,44.81,45.45,44.38,45.2,4338004,0.39,0.87034,44.96
2022-12-05,EBAY,44.85,44.92,43.82,43.94,4641211,-0.91,-2.03,44.3825
2022-12-06,EBAY,43.73,43.82,42.74,43.35,8691525,-0.38,-0.86897,43.41
2022-12-07,EBAY,43.1,43.92,42.96,43.16,5533242,0.06,0.13921,43.285
2022-12-08,EBAY,43.5,44.16,43.26,43.88,3855000,0.38,0.87356,43.7
2022-12-09,EBAY,43.53,44.05,43.31,43.64,4083673,0.11,0.2527,43.6325
2022-12-12,EBAY,43.7,43.73,43.09,43.72,4238100,0.02,0.04576659,43.56
2022-12-13,EBAY,45.36,45.86,43.32,43.72,5656626,-1.64,-3.62,44.565
2022-12-14,EBAY,43.61,44.29,42.9,43.75,5659416,0.14,0.32103,43.6375
2022-12-15,EBAY,43.06,43.15,42.01,42.29,5168379,-0.765,-1.79,42.6275
2022-12-16,EBAY,42.04,42.15,40.62,41.0,14561106,-1.04,-2.47,41.4525
2022-12-19,EBAY,41.08,41.41,40.64,41.34,7817418,0.26,0.63291,41.1175
2022-12-20,EBAY,41.44,41.47,40.65,40.97,4273300,-0.47,-1.13,41.1325
2022-12-21,EBAY,41.27,41.5,41.01,41.28,4050000,0.01,0.02423068,41.265
2022-12-22,EBAY,40.63,40.72,39.48,40.12,3930531,-0.51,-1.26,40.2375
2022-12-23,EBAY,39.86,40.33,39.53,40.17,2421287,0.31,0.77772,39.9725
2022-12-27,EBAY,40.11,40.37,39.7,40.08,3953727,-0.03,-0.07479432,40.065
2022-12-28,EBAY,40.06,40.4,39.76,39.92,3551051,-0.14,-0.34948,40.035
2022-12-29,EBAY,40.27,41.92,40.07,41.82,6385433,1.55,3.85,41.02
2022-12-30,EBAY,41.24,41.49,40.98,41.47,4430386,0.23,0.55771,41.295
2023-01-03,EBAY,42.08,42.66,41.54,42.15,4494932,0.072,0.16635,42.1075
2023-01-04,EBAY,42.79,43.34,42.28,43.09,3743500,0.3,0.7011,42.875
2023-01-05,EBAY,43.01,43.36,42.53,43.1,3748136,0.09,0.20925,43.0
2023-01-06,EBAY,43.62,45.45,43.06,45.11,5293773,1.49,3.42,44.31
2023-01-09,EBAY,44.76,45.44,43.44,43.52,7096400,-1.24,-2.77,44.29
2023-01-10,EBAY,43.32,45.13,43.32,45.09,4432615,1.77,4.09,44.215
2023-01-11,EBAY,45.69,46.69,45.52,46.61,5456873,0.92,2.01,46.1275
2023-01-12,EBAY,46.73,46.8,45.82,46.43,3812232,-0.3,-0.64199,46.445
2023-01-13,EBAY,45.72,46.3,45.44,46.26,3128400,0.54,1.18,45.93
2023-01-17,EBAY,46.23,47.11,46.05,46.77,5214306,0.54,1.17,46.54
2023-01-18,EBAY,47.0,47.4,45.96,45.98,3429500,-1.02,-2.17,46.585
2023-01-19,EBAY,45.65,45.93,44.94,45.54,5616300,-0.105,-0.24096,45.515
2023-01-20,EBAY,45.76,46.73,45.54,46.66,3435122,0.9,1.97,46.1725
2023-01-23,EBAY,46.94,47.84,46.57,47.66,3254721,0.72,1.53,47.2525
2023-01-24,EBAY,47.28,47.42,46.51,46.69,4864449,-0.59,-1.25,46.975
2023-01-25,EBAY,46.47,49.07,46.32,48.93,5955908,2.46,5.29,47.6975
2023-01-26,EBAY,49.46,49.47,48.16,49.16,4153264,-0.3,-0.60655,49.0625
2023-01-27,EBAY,48.97,49.7,48.88,49.0,3901451,0.03,0.061262,49.1375
2023-01-30,EBAY,48.32,49.89,48.31,48.89,4066947,0.57,1.18,48.8525
2023-01-31,EBAY,48.91,49.55,48.8,49.5,4325300,0.59,1.21,49.19
2023-02-01,EBAY,49.26,50.75,48.69,50.4,4565200,1.14,2.31,49.775
2023-02-02,EBAY,50.75,52.23,50.69,51.66,6390040,0.91,1.79,51.3325
2023-02-03,EBAY,50.31,51.31,50.11,50.66,3808211,0.35,0.69569,50.5975
2023-02-06,EBAY,50.03,50.4,49.65,49.98,3141600,-0.05,-0.09994004,50.015
2023-02-07,EBAY,49.77,50.37,49.07,50.17,3538100,0.4,0.8037,49.845
2023-02-08,EBAY,49.6,50.0,48.83,49.16,3429700,-0.44,-0.8871,49.3975
2023-02-09,EBAY,49.75,49.85,48.15,48.39,3072422,-1.36,-2.73,49.035
2023-02-10,EBAY,48.08,48.33,47.65,48.08,3745100,0.0,0.0,48.035
2023-02-13,EBAY,48.2,49.02,47.92,48.93,4744300,0.73,1.51,48.5175
2023-02-14,EBAY,48.73,49.19,48.21,48.8,3919840,0.07,0.14365,48.7325
2023-02-15,EBAY,48.41,49.66,48.21,49.65,3708100,1.24,2.56,48.9825
2023-02-16,EBAY,48.62,49.19,48.29,48.66,3760478,0.04,0.08227067,48.69
2023-02-17,EBAY,48.56,48.7,47.75,48.24,5511958,-0.32,-0.65898,48.3125
2023-02-21,EBAY,47.89,48.81,47.82,47.89,5947900,0.0,0.0,48.1025
2023-02-22,EBAY,48.12,48.33,47.4,47.85,7391945,-0.27,-0.5611,47.925
2023-02-23,EBAY,45.41,45.89,43.71,45.35,12458900,-0.055,-0.13213,45.09
2023-02-24,EBAY,44.71,45.25,44.31,45.07,5795045,0.36,0.80519,44.835
2023-02-27,EBAY,45.32,45.85,45.08,45.8,5187700,0.48,1.06,45.5125
2023-02-28,EBAY,45.71,46.31,45.58,45.9,5338835,0.19,0.41566,45.875
2023-03-01,EBAY,45.68,46.27,45.38,45.75,4236400,0.07,0.15324,45.77
2023-03-02,EBAY,45.5,45.74,45.31,45.58,4142739,0.08,0.17582,45.5325
2023-03-03,EBAY,45.93,46.24,45.81,46.04,3744200,0.11,0.23949,46.005
2023-03-06,EBAY,45.95,46.1,44.64,44.75,5972821,-1.2,-2.61,45.36
2023-03-07,EBAY,44.86,45.09,43.83,43.98,5326600,-0.88,-1.96,44.44
2023-03-08,EBAY,43.85,44.34,43.16,44.26,6096600,0.41,0.93501,43.9025
2023-03-09,EBAY,44.02,44.28,42.92,42.95,4091600,-1.07,-2.43,43.5425
2023-03-10,EBAY,42.75,42.87,41.67,42.04,4526942,-0.71,-1.66,42.3325
2023-03-13,EBAY,41.62,41.88,41.02,41.09,5946300,-0.53,-1.27,41.4025
2023-03-14,EBAY,41.78,41.95,40.62,41.16,6368433,-0.62,-1.48,41.3775
2023-03-15,EBAY,40.49,40.94,40.13,40.81,5740756,0.32,0.79032,40.5925
2023-03-16,EBAY,40.28,41.62,40.23,41.45,6022478,1.17,2.9,40.895
2023-03-17,EBAY,41.15,42.31,40.94,42.06,11506800,0.91,2.21,41.615
2023-03-20,EBAY,42.1,43.47,42.0,43.04,6199781,0.94,2.23,42.6525
2023-03-21,EBAY,43.14,43.98,43.1,43.75,6122839,0.61,1.41,43.4925
2023-03-22,EBAY,43.59,44.09,42.83,42.86,5088139,-0.73,-1.67,43.3425
2023-03-23,EBAY,43.09,43.2,42.02,42.45,4808700,-0.64,-1.49,42.69
2023-03-24,EBAY,42.21,42.86,41.66,42.66,4541800,0.45,1.07,42.3475
2023-03-27,EBAY,42.77,43.02,42.55,42.6,4040342,-0.17,-0.39747,42.735
2023-03-28,EBAY,42.72,43.0,42.56,42.87,2827200,0.15,0.35112,42.7875
2023-03-29,EBAY,43.2,43.67,43.2,43.63,3588000,0.43,0.99537,43.425
2023-03-30,EBAY,44.16,44.33,43.63,43.91,3459600,-0.248,-0.56612,44.0075
2023-03-31,EBAY,44.08,44.42,43.74,44.37,4053600,0.295,0.65789,44.1525
2023-04-03,EBAY,44.15,44.35,43.84,44.28,3539729,0.13,0.29445,44.155
2023-04-04,EBAY,44.63,44.63,43.83,44.33,3509200,-0.295,-0.67219,44.355
2023-04-05,EBAY,44.25,44.26,43.7,43.85,3836527,-0.4,-0.90395,44.015
2023-04-06,EBAY,43.64,43.83,43.24,43.57,3629646,-0.07,-0.1604,43.57
2023-04-10,EBAY,43.09,43.67,43.09,43.4,3279527,0.31,0.71942,43.3125
2023-04-11,EBAY,43.29,43.72,43.02,43.5,3668600,0.21,0.4851,43.3825
2023-04-12,EBAY,43.96,44.11,42.49,42.78,4312335,-1.18,-2.68,43.335
2023-04-13,EBAY,42.97,43.62,42.86,43.61,3875651,0.64,1.49,43.265
2023-04-14,EBAY,43.54,44.16,43.14,43.53,3603759,-0.01,-0.02296739,43.5925
2023-04-17,EBAY,44.0,44.0,43.45,43.78,3693310,-0.22,-0.5,43.8075
2023-04-18,EBAY,44.14,44.4,43.86,44.04,3709800,-0.1,-0.22655,44.11
2023-04-19,EBAY,43.85,44.15,43.53,43.71,4043300,-0.14,-0.31927,43.81
2023-04-20,EBAY,43.35,43.71,43.22,43.38,3624433,0.03,0.06920415,43.415
2023-04-21,EBAY,43.37,43.37,42.76,43.11,3139257,-0.26,-0.59949,43.1525
2023-04-24,EBAY,43.28,44.14,43.18,43.86,4216574,0.58,1.34,43.615
2023-04-25,EBAY,43.58,44.18,43.55,44.01,5938300,0.43,0.98669,43.83
2023-04-26,EBAY,43.5,44.43,43.22,43.36,8552701,-0.14,-0.32184,43.6275
2023-04-27,EBAY,45.14,45.86,44.04,45.56,11144636,0.42,0.93044,45.15
2023-04-28,EBAY,45.52,46.67,45.39,46.43,6704762,0.91,2.0,46.0025
2023-05-01,EBAY,46.02,46.35,45.41,45.66,4220828,-0.36,-0.78227,45.86
2023-05-02,EBAY,45.61,45.66,44.52,45.12,4035100,-0.49,-1.07,45.2275
2023-05-03,EBAY,45.29,45.77,44.61,44.77,4686200,-0.52,-1.15,45.11
2023-05-04,EBAY,44.97,44.98,44.28,44.38,3301521,-0.59,-1.31,44.6525
2023-05-05,EBAY,44.72,45.71,44.63,45.63,5206444,0.91,2.03,45.1725
2023-05-08,EBAY,45.79,46.34,45.47,46.21,3781700,0.42,0.91723,45.9525
2023-05-09,EBAY,45.91,46.38,45.52,45.81,3785023,-0.095,-0.21782,45.905
2023-05-10,EBAY,46.21,46.35,45.24,45.82,4297800,-0.39,-0.84397,45.905
2023-05-11,EBAY,45.83,45.9,45.47,45.78,3847536,-0.05,-0.1091,45.745
2023-05-12,EBAY,45.7,45.83,44.64,44.91,3690476,-0.79,-1.73,45.27
2023-05-15,EBAY,44.91,45.48,44.56,45.13,4196501,0.22,0.48987,45.02
2023-05-16,EBAY,44.62,44.62,43.02,43.03,5571336,-1.59,-3.56,43.8225
2023-05-17,EBAY,43.06,43.96,42.96,43.88,4442508,0.82,1.9,43.465
2023-05-18,EBAY,43.81,44.18,43.44,44.12,3241013,0.31,0.7076,43.8875
2023-05-19,EBAY,44.09,44.19,43.15,43.48,4278231,-0.605,-1.38,43.7275
2023-05-22,EBAY,43.92,44.23,43.75,44.12,4693289,0.2,0.45537,44.005
2023-05-23,EBAY,44.0,44.18,43.15,43.78,4139005,-0.22,-0.5,43.7775
2023-05-24,EBAY,43.96,44.01,43.04,43.3,3486935,-0.66,-1.5,43.5775
2023-05-25,EBAY,43.09,43.68,42.93,43.62,6799915,0.53,1.23,43.33
2023-05-26,EBAY,43.56,44.55,43.52,44.36,5128550,0.8,1.84,43.9975
2023-05-30,EBAY,44.25,44.48,43.34,43.62,4906808,-0.63,-1.42,43.9225
2023-05-31,EBAY,43.26,43.26,42.01,42.54,7695800,-0.72,-1.66,42.7675
2023-06-01,EBAY,42.8,43.59,42.53,43.26,5235380,0.46,1.07,43.045
2023-06-02,EBAY,43.33,44.48,43.27,44.39,4641727,1.06,2.45,43.8675
2023-06-05,EBAY,44.77,45.34,44.29,45.29,5662024,0.52,1.16,44.9225
2023-06-06,EBAY,45.22,45.37,44.84,45.18,4537600,-0.04,-0.08845644,45.1525
2023-06-07,EBAY,45.24,45.77,44.85,45.06,5663700,-0.18,-0.39788,45.23
2023-06-08,EBAY,45.55,46.06,45.35,45.61,5308455,0.06,0.13172,45.6425
2023-06-09,EBAY,45.64,46.54,45.64,45.81,5049917,0.17,0.37248,45.9075
2023-06-12,EBAY,45.85,45.92,45.02,45.12,6150600,-0.73,-1.59,45.4775
2023-06-13,EBAY,45.3,45.62,45.01,45.52,4215751,0.22,0.48565,45.3625
2023-06-14,EBAY,45.59,45.71,44.64,45.07,4655154,-0.52,-1.14,45.2525
2023-06-15,EBAY,44.94,45.7,44.38,45.62,5059707,0.68,1.51,45.16
2023-06-16,EBAY,45.61,45.75,44.92,45.06,8591416,-0.55,-1.21,45.335
2023-06-20,EBAY,44.93,45.48,44.62,44.84,4175500,-0.09,-0.20031,44.9675
2023-06-21,EBAY,44.82,44.82,44.08,44.1,3745700,-0.72,-1.61,44.455
2023-06-22,EBAY,44.15,44.15,43.61,43.87,3622565,-0.28,-0.6342,43.945
2023-06-23,EBAY,43.48,43.8,43.11,43.37,6234791,-0.11,-0.25299,43.44
2023-06-26,EBAY,43.46,43.76,43.26,43.46,3551522,0.0,0.0,43.485
2023-06-27,EBAY,43.58,44.55,43.48,44.47,4758916,0.89,2.04,44.02
2023-06-28,EBAY,44.43,44.85,44.24,44.84,4186422,0.415,0.9228,44.59
2023-06-29,EBAY,44.91,44.91,44.33,44.6,3278400,-0.31,-0.69027,44.6875
2023-06-30,EBAY,45.0,45.13,44.29,44.69,5212100,-0.31,-0.68889,44.7775
2023-07-03,EBAY,44.66,45.83,44.6,45.23,2771300,0.57,1.28,45.08
2023-07-05,EBAY,45.23,45.27,44.63,45.03,3394000,-0.2,-0.44218,45.04
2023-07-06,EBAY,44.27,44.45,43.55,43.85,4572545,-0.42,-0.94872,44.03
2023-07-07,EBAY,43.69,44.57,43.68,44.26,4252993,0.57,1.3,44.05
2023-07-10,EBAY,44.13,45.76,44.12,45.67,4703700,1.54,3.49,44.92
2023-07-11,EBAY,46.0,47.35,45.96,46.9,4998837,0.9,1.96,46.5525
2023-07-12,EBAY,47.5,47.53,46.33,46.41,4969600,-1.09,-2.29,46.9425
2023-07-13,EBAY,46.72,46.81,46.08,46.13,4172729,-0.59,-1.26,46.435
2023-07-14,EBAY,46.05,46.72,45.82,46.5,4132056,0.45,0.9772,46.2725
2023-07-17,EBAY,46.06,47.37,45.96,47.19,5192490,1.13,2.45,46.645
2023-07-18,EBAY,46.92,48.09,46.92,48.03,5550337,1.11,2.37,47.49
2023-07-19,EBAY,48.22,49.1,47.96,49.03,6063209,0.81,1.68,48.5775
2023-07-20,EBAY,48.78,48.96,48.02,48.84,9336848,0.06,0.123,48.65
2023-07-21,EBAY,49.21,49.35,48.31,48.34,10663505,-0.87,-1.77,48.8025
2023-07-24,EBAY,48.4,48.97,48.14,48.94,4705526,0.54,1.12,48.6125
2023-07-25,EBAY,49.07,49.48,48.08,48.31,6411537,-0.76,-1.55,48.735
2023-07-26,EBAY,48.11,48.87,48.11,48.8,6636800,0.69,1.43,48.4725
2023-07-27,EBAY,45.56,46.07,43.3,43.66,15740816,-1.9,-4.17,44.6475
2023-07-28,EBAY,43.98,45.84,43.97,45.01,9571056,1.03,2.34,44.7
2023-07-31,EBAY,45.14,45.64,44.35,44.51,8018707,-0.63,-1.4,44.91
2023-08-01,EBAY,44.15,44.36,43.55,43.56,4810629,-0.59,-1.34,43.905
2023-08-02,EBAY,43.16,43.9,42.81,43.76,5540453,0.6,1.39,43.4075
2023-08-03,EBAY,43.58,43.87,43.32,43.61,3928947,0.03,0.06883892,43.595
2023-08-04,EBAY,43.66,43.94,42.95,43.05,3951441,-0.61,-1.4,43.4
2023-08-07,EBAY,43.33,43.92,42.86,43.85,4230891,0.52,1.2,43.49
2023-08-08,EBAY,43.28,43.58,42.52,43.52,3910600,0.24,0.55453,43.225
2023-08-09,EBAY,43.71,44.0,43.34,43.67,3942733,-0.04,-0.09151224,43.68
2023-08-10,EBAY,44.16,44.26,43.05,43.29,3126145,-0.87,-1.97,43.69
2023-08-11,EBAY,43.36,44.59,43.34,44.5,6826984,1.14,2.63,43.9475
2023-08-14,EBAY,44.21,44.35,43.69,44.03,4229956,-0.18,-0.40715,44.07
2023-08-15,EBAY,43.62,43.68,42.94,43.58,4240500,-0.04,-0.09170105,43.455
2023-08-16,EBAY,43.47,43.5,42.79,42.93,4181882,-0.54,-1.24,43.1725
2023-08-17,EBAY,43.31,43.39,42.75,42.95,3892026,-0.36,-0.83122,43.1
2023-08-18,EBAY,42.58,43.28,42.23,42.99,3801087,0.41,0.96289,42.77
2023-08-21,EBAY,42.99,43.26,42.76,43.04,3385923,0.05,0.11631,43.0125
2023-08-22,EBAY,43.09,43.56,43.04,43.27,3875300,0.18,0.41773,43.24
2023-08-23,EBAY,43.28,44.2,43.25,43.9,5024600,0.62,1.43,43.6575
2023-08-24,EBAY,43.87,44.24,43.11,43.14,4477100,-0.73,-1.66,43.59
2023-08-25,EBAY,43.73,44.35,43.38,43.59,7250915,-0.14,-0.32015,43.7625
2023-08-28,EBAY,43.89,44.05,43.55,43.87,4203100,-0.02,-0.04556847,43.84
2023-08-29,EBAY,44.01,44.7,43.92,44.32,4135100,0.31,0.70439,44.2375
2023-08-30,EBAY,44.32,44.87,44.26,44.75,3595300,0.43,0.97022,44.55
2023-08-31,EBAY,44.6,45.34,44.55,44.78,7844409,0.18,0.40359,44.8175
2023-09-01,EBAY,45.21,45.54,44.87,45.1,4176400,-0.11,-0.24331,45.18
2023-09-05,EBAY,44.88,44.88,44.04,44.29,5668100,-0.59,-1.31,44.5225
2023-09-06,EBAY,44.17,44.32,43.43,44.12,4617300,-0.05,-0.1132,44.01
2023-09-07,EBAY,43.64,43.71,42.81,43.12,5296017,-0.52,-1.19,43.32
2023-09-08,EBAY,42.92,43.48,42.84,43.43,4208619,0.51,1.19,43.1675
2023-09-11,EBAY,43.7,43.94,43.43,43.51,3848800,-0.19,-0.43478,43.645
2023-09-12,EBAY,43.4,43.98,43.32,43.51,4788300,0.11,0.25346,43.5525
2023-09-13,EBAY,43.69,43.97,43.43,43.71,3583710,0.02,0.04577707,43.7
2023-09-14,EBAY,43.97,44.46,43.72,44.36,4078400,0.39,0.88697,44.1275
2023-09-15,EBAY,44.46,44.8,44.27,44.56,7598201,0.1,0.22492,44.5225
2023-09-18,EBAY,44.34,44.46,43.81,43.91,4580537,-0.43,-0.96978,44.13
2023-09-19,EBAY,43.63,44.09,43.42,43.62,4308617,-0.01,-0.02292001,43.69
2023-09-20,EBAY,43.74,44.54,43.67,43.69,4127992,-0.05,-0.11431,43.91
2023-09-21,EBAY,43.38,45.21,42.85,43.92,13887389,0.54,1.24,43.84
2023-09-22,EBAY,44.23,44.84,43.0,43.13,8278092,-1.1,-2.49,43.8
2023-09-25,EBAY,42.85,43.93,42.57,43.82,3948800,0.97,2.26,43.2925
2023-09-26,EBAY,43.55,44.24,43.39,43.49,5353448,-0.06,-0.13777,43.6675
2023-09-27,EBAY,43.56,43.76,42.41,42.89,5225600,-0.67,-1.54,43.155
2023-09-28,EBAY,42.73,43.89,42.72,43.65,4114900,0.92,2.15,43.2475
2023-09-29,EBAY,44.09,44.6,43.91,44.09,4798602,0.0,0.0,44.1725
2023-10-02,EBAY,43.91,44.04,43.31,43.55,3622908,-0.36,-0.81986,43.7025
2023-10-03,EBAY,43.23,43.75,42.35,42.51,3673285,-0.72,-1.67,42.96
2023-10-04,EBAY,42.56,43.07,42.54,42.94,3875320,0.38,0.89286,42.7775
2023-10-05,EBAY,43.09,43.13,42.12,42.61,4116505,-0.48,-1.11,42.7375
2023-10-06,EBAY,42.22,43.33,42.22,43.01,4459090,0.79,1.87,42.695
2023-10-09,EBAY,42.64,43.64,42.64,43.35,4220225,0.71,1.67,43.0675
2023-10-10,EBAY,43.48,43.82,43.27,43.52,5265000,0.04,0.09199632,43.5225
2023-10-11,EBAY,43.51,43.66,42.78,43.05,7473790,-0.46,-1.06,43.25
2023-10-12,EBAY,43.13,43.13,42.0,42.63,5200500,-0.5,-1.16,42.7225
2023-10-13,EBAY,42.54,42.61,41.27,41.79,7025700,-0.75,-1.76,42.0525
2023-10-16,EBAY,42.14,42.62,41.88,42.47,4359900,0.33,0.7831,42.2775
2023-10-17,EBAY,42.03,42.84,41.93,42.56,3584600,0.53,1.26,42.34
2023-10-18,EBAY,42.44,42.54,41.71,41.89,4796509,-0.55,-1.3,42.145
2023-10-19,EBAY,41.76,42.07,40.96,41.14,4586163,-0.62,-1.48,41.4825
2023-10-20,EBAY,41.16,41.16,40.69,40.76,4468918,-0.4,-0.97182,40.9425
2023-10-23,EBAY,40.45,40.76,40.13,40.17,4857600,-0.28,-0.69221,40.3775
2023-10-24,EBAY,40.51,41.12,40.5,40.99,4305424,0.48,1.18,40.78
2023-10-25,EBAY,40.72,40.76,39.21,39.3,5471700,-1.42,-3.49,39.9975
2023-10-26,EBAY,39.21,39.52,38.23,38.36,5881300,-0.85,-2.17,38.83
2023-10-27,EBAY,38.35,38.66,37.93,37.99,5112229,-0.36,-0.93872,38.2325
2023-10-30,EBAY,38.4,38.76,38.01,38.64,4715625,0.24,0.625,38.4525
2023-10-31,EBAY,38.69,39.32,38.49,39.23,6287942,0.54,1.4,38.9325
2023-11-01,EBAY,39.14,39.21,38.22,38.71,6530037,-0.43,-1.1,38.82
2023-11-02,EBAY,39.15,39.23,38.24,38.99,6534517,-0.16,-0.40868,38.9025
2023-11-03,EBAY,39.62,40.72,39.51,40.54,6422093,0.92,2.32,40.0975
2023-11-06,EBAY,40.64,40.98,40.03,40.36,6439200,-0.28,-0.68898,40.5025
2023-11-07,EBAY,40.51,40.83,40.15,40.77,9193500,0.26,0.64182,40.565
2023-11-08,EBAY,37.28,40.0,37.17,39.95,18084330,2.67,7.16,38.6
2023-11-09,EBAY,40.29,40.89,39.8,39.93,9425230,-0.36,-0.89352,40.2275
2023-11-10,EBAY,39.94,40.0,39.35,39.85,6278431,-0.09,-0.22534,39.785
2023-11-13,EBAY,39.63,39.84,38.6,38.73,7650031,-0.9,-2.27,39.2
2023-11-14,EBAY,39.6,40.51,39.53,40.34,6885922,0.74,1.87,39.995
2023-11-15,EBAY,40.48,41.42,40.45,40.62,6825600,0.14,0.34585,40.7425
2023-11-16,EBAY,40.52,40.72,39.7,40.18,7486229,-0.34,-0.83909,40.28
2023-11-17,EBAY,40.5,40.62,39.82,40.14,5165930,-0.36,-0.88889,40.27
2023-11-20,EBAY,40.01,40.14,39.2,39.45,8484524,-0.56,-1.4,39.7
2023-11-21,EBAY,39.26,40.44,38.98,40.39,11049900,1.13,2.88,39.7675
2023-11-22,EBAY,40.53,41.86,40.5,41.64,8620059,1.11,2.74,41.1325
2023-11-24,EBAY,41.67,41.79,41.28,41.48,2606500,-0.19,-0.45596,41.555
2023-11-27,EBAY,41.34,41.58,40.75,41.35,4966874,0.01,0.02418965,41.255
2023-11-28,EBAY,40.97,41.56,40.93,41.13,6503547,0.16,0.39053,41.1475
2023-11-29,EBAY,41.37,41.43,40.58,40.64,7352727,-0.73,-1.76,41.005
2023-11-30,EBAY,40.66,41.03,40.18,41.01,11506800,0.35,0.8608,40.72
2023-12-01,EBAY,40.99,41.89,40.6,41.73,6022413,0.74,1.81,41.3025
2023-12-04,EBAY,41.57,42.08,41.39,41.62,5197587,0.05,0.12028,41.665
2023-12-05,EBAY,41.3,41.76,40.99,41.48,4517900,0.18,0.43584,41.3825
2023-12-06,EBAY,41.72,42.21,41.44,41.47,4736817,-0.25,-0.59923,41.71
2023-12-07,EBAY,41.68,41.74,41.34,41.48,3940300,-0.2,-0.47985,41.56
2023-12-08,EBAY,41.36,41.72,41.16,41.29,7243404,-0.07,-0.16925,41.3825
2023-12-11,EBAY,40.74,42.12,40.63,41.76,7045546,1.02,2.5,41.3125
2023-12-12,EBAY,41.77,41.79,40.91,41.11,5840088,-0.66,-1.58,41.395
2023-12-13,EBAY,41.02,41.98,40.74,41.96,6610400,0.94,2.29,41.425
2023-12-14,EBAY,42.3,42.73,41.99,42.65,9011447,0.35,0.82742,42.4175
2023-12-15,EBAY,42.73,42.93,41.66,41.75,43483602,-0.98,-2.29,42.2675
2023-12-18,EBAY,41.53,42.81,41.52,42.52,6687300,0.995,2.38,42.095
2023-12-19,EBAY,42.66,44.27,42.57,43.67,7351106,1.01,2.37,43.2925
2023-12-20,EBAY,43.4,43.82,42.83,42.98,5762136,-0.42,-0.96774,43.2575
2023-12-21,EBAY,43.33,43.76,43.07,43.73,3238446,0.4,0.92315,43.4725
2023-12-22,EBAY,43.56,44.07,43.45,43.82,3330300,0.26,0.59688,43.725
2023-12-26,EBAY,43.82,43.84,43.26,43.48,3361211,-0.34,-0.7759,43.6
2023-12-27,EBAY,43.52,43.66,43.1,43.38,2623182,-0.14,-0.32169,43.415
2023-12-28,EBAY,43.37,43.6,43.12,43.47,2767636,0.1,0.23057,43.39
2023-12-29,EBAY,43.42,43.82,43.36,43.62,4681777,0.2,0.46062,43.555
2024-01-02,EBAY,43.26,44.2,43.2,43.87,5369300,0.61,1.41,43.6325
2024-01-03,EBAY,43.63,44.09,42.96,43.55,6358112,-0.08,-0.18336,43.5575
2024-01-04,EBAY,43.53,43.59,42.41,42.53,4778500,-1.0,-2.3,43.015
2024-01-05,EBAY,42.53,43.08,42.39,42.79,3140460,0.26,0.61133,42.6975
2024-01-08,EBAY,42.98,42.98,42.41,42.84,4109427,-0.14,-0.32573,42.8025
2024-01-09,EBAY,42.29,42.68,41.96,42.14,4937428,-0.15,-0.35469,42.2675
2024-01-10,EBAY,42.11,42.71,41.94,42.56,3755274,0.45,1.07,42.33
2024-01-11,EBAY,42.51,42.54,41.49,41.87,4618643,-0.64,-1.51,42.1025
2024-01-12,EBAY,41.96,42.07,41.06,41.21,5691049,-0.75,-1.79,41.575
2024-01-16,EBAY,40.82,40.95,40.16,40.7,6455492,-0.12,-0.29397,40.6575
2024-01-17,EBAY,40.57,40.88,40.28,40.67,6416451,0.1,0.24649,40.6
2024-01-18,EBAY,40.63,40.88,40.34,40.79,5751405,0.16,0.3938,40.66
2024-01-19,EBAY,41.03,41.36,40.5,41.13,4361518,0.0998,0.24372,41.005
2024-01-22,EBAY,41.31,41.69,40.88,41.06,5559434,-0.25,-0.60518,41.235
2024-01-23,EBAY,41.45,41.88,41.18,41.41,5059636,-0.04,-0.09650181,41.48
2024-01-24,EBAY,42.62,42.89,41.31,41.61,8647108,-1.01,-2.37,42.1075
2024-01-25,EBAY,41.9,42.19,41.26,42.16,6080233,0.26,0.62053,41.8775
2024-01-26,EBAY,42.13,42.71,42.13,42.69,5936609,0.56,1.33,42.415
2024-01-29,EBAY,42.69,42.79,42.03,42.62,4687417,-0.07,-0.16397,42.5325
2024-01-30,EBAY,42.38,42.41,41.92,41.95,5073345,-0.43,-1.01,42.165
2024-01-31,EBAY,41.97,42.02,40.97,41.07,5923714,-0.9,-2.14,41.5075
2024-02-01,EBAY,41.4,41.81,40.77,41.7,5670706,0.3,0.72464,41.42
2024-02-02,EBAY,41.56,41.98,41.01,41.94,6097538,0.38,0.91434,41.6225
2024-02-05,EBAY,41.57,41.57,40.94,41.33,5907269,-0.235,-0.57734,41.3525
2024-02-06,EBAY,41.35,42.74,41.31,42.66,5947039,1.31,3.17,42.015
2024-02-07,EBAY,42.73,42.89,42.27,42.34,4005500,-0.39,-0.91271,42.5575
2024-02-08,EBAY,42.25,42.29,41.64,42.02,3314453,-0.23,-0.54438,42.05
2024-02-09,EBAY,42.06,42.69,41.79,42.43,5099004,0.37,0.8797,42.2425
2024-02-12,EBAY,42.48,43.55,42.24,43.49,5551062,1.01,2.38,42.94
2024-02-13,EBAY,42.49,42.5,40.74,41.13,7188504,-1.36,-3.2,41.715
2024-02-14,EBAY,41.28,42.24,40.83,42.18,5058300,0.9,2.18,41.6325
2024-02-15,EBAY,42.49,42.89,42.43,42.62,4873300,0.13,0.30595,42.6075
2024-02-16,EBAY,42.21,43.53,42.14,43.45,7091121,1.24,2.94,42.8325
2024-02-20,EBAY,43.0,43.75,42.97,43.59,6398199,0.59,1.37,43.3275
2024-02-21,EBAY,43.34,44.4,43.09,43.8,6965168,0.46,1.06,43.6575
2024-02-22,EBAY,43.37,44.65,43.24,44.28,7552497,0.91,2.1,43.885
2024-02-23,EBAY,43.97,44.43,43.12,44.01,7144900,0.04,0.09097112,43.8825
2024-02-26,EBAY,44.05,44.16,43.67,43.88,6007337,-0.17,-0.38593,43.94
2024-02-27,EBAY,44.28,44.79,44.05,44.39,12708120,0.11,0.24842,44.3775
2024-02-28,EBAY,47.65,48.35,46.53,47.89,23207925,0.24,0.50367,47.605
2024-02-29,EBAY,47.95,47.98,46.98,47.28,16165200,-0.67,-1.4,47.5475
2024-03-01,EBAY,47.2,48.3,47.06,48.05,8668579,0.85,1.8,47.6525
2024-03-04,EBAY,48.18,49.31,48.04,48.91,8449975,0.73,1.52,48.61
2024-03-05,EBAY,48.91,50.45,48.87,50.09,12659636,1.18,2.41,49.58
2024-03-06,EBAY,50.32,51.14,50.32,50.54,9615623,0.22,0.4372,50.58
2024-03-07,EBAY,50.82,51.05,50.34,50.78,8912227,-0.04,-0.07870917,50.7475
2024-03-08,EBAY,50.68,50.9,50.18,50.37,8504823,-0.31,-0.61168,50.5325
2024-03-11,EBAY,50.39,51.95,50.38,51.55,10113600,1.16,2.3,51.0675
2024-03-12,EBAY,51.73,51.93,50.68,50.91,7857026,-0.82,-1.59,51.3125
2024-03-13,EBAY,51.12,52.5,51.09,52.41,10333300,1.29,2.52,51.78
2024-03-14,EBAY,52.49,52.82,51.97,52.25,7731527,-0.24,-0.45723,52.3825
2024-03-15,EBAY,51.97,52.7,51.89,52.2,11456756,0.23,0.44256,52.19
2024-03-18,EBAY,52.19,52.4,51.32,51.35,6435133,-0.84,-1.61,51.815
2024-03-19,EBAY,51.86,52.46,51.25,51.82,6863732,-0.04,-0.07713074,51.8475
2024-03-20,EBAY,51.84,52.27,51.6,51.97,6136334,0.13,0.25077,51.92
2024-03-21,EBAY,51.84,52.36,51.68,52.0,6756933,0.16,0.30864,51.97
2024-03-22,EBAY,52.05,52.07,51.4,51.42,5071948,-0.63,-1.21,51.735
2024-03-25,EBAY,51.33,51.73,51.19,51.23,5621432,-0.1,-0.19482,51.37
2024-03-26,EBAY,51.46,51.67,50.88,51.08,5995878,-0.38,-0.73844,51.2725
2024-03-27,EBAY,51.45,52.04,51.41,51.92,4940768,0.47,0.91351,51.705
2024-03-28,EBAY,52.1,52.93,52.0,52.78,6816400,0.68,1.31,52.4525
2024-04-01,EBAY,52.65,52.92,51.84,52.27,4646482,-0.38,-0.72175,52.42
2024-04-02,EBAY,52.08,52.39,51.81,51.86,4449506,-0.22,-0.42243,52.035
2024-04-03,EBAY,51.75,52.27,51.52,51.85,4459000,0.1,0.19324,51.8475
2024-04-04,EBAY,52.41,52.82,51.33,51.4,4702915,-1.01,-1.93,51.99
2024-04-05,EBAY,51.42,52.13,51.42,52.06,5326600,0.64,1.24,51.7575
2024-04-08,EBAY,52.03,52.47,51.48,51.58,3975589,-0.45,-0.86489,51.89
2024-04-09,EBAY,51.8,52.01,51.51,51.96,3566684,0.16,0.30888,51.82
2024-04-10,EBAY,51.96,52.54,51.9,52.46,4901305,0.5,0.96228,52.215
2024-04-11,EBAY,52.6,52.65,51.81,51.89,3650900,-0.71,-1.35,52.2375
2024-04-12,EBAY,51.71,52.0,51.05,51.31,4246782,-0.4,-0.77354,51.5175
2024-04-15,EBAY,51.62,51.9,50.74,50.89,3878593,-0.73,-1.41,51.2875
2024-04-16,EBAY,50.63,50.75,49.87,50.25,5161534,-0.38,-0.75054,50.375
2024-04-17,EBAY,50.59,50.69,49.41,49.45,4319954,-1.14,-2.25,50.035
2024-04-18,EBAY,51.33,51.41,49.93,49.95,7590000,-1.38,-2.69,50.655
2024-04-19,EBAY,50.23,51.02,50.0,50.39,4296246,0.16,0.31853,50.41
2024-04-22,EBAY,50.63,51.15,50.39,50.94,4140800,0.31,0.61229,50.7775
2024-04-23,EBAY,51.01,51.5,50.7,51.25,4522813,0.24,0.4705,51.115
2024-04-24,EBAY,51.17,51.6,50.78,51.18,5088600,0.01,0.0195427,51.1825
2024-04-25,EBAY,50.66,51.49,50.56,51.34,4461328,0.68,1.34,51.0125
2024-04-26,EBAY,51.3,52.19,51.2,52.02,4985631,0.72,1.4,51.6775
2024-04-29,EBAY,52.16,52.88,52.13,52.75,5977400,0.59,1.13,52.48
2024-04-30,EBAY,52.63,52.88,51.44,51.54,6712817,-1.09,-2.07,52.1225
2024-05-01,EBAY,51.69,52.49,51.04,51.06,8328816,-0.63,-1.22,51.57
2024-05-02,EBAY,49.32,50.86,48.52,49.39,10828809,0.07,0.14193,49.5225
2024-05-03,EBAY,49.6,50.26,49.37,49.65,6896723,0.05,0.10081,49.72
2024-05-06,EBAY,49.81,50.16,49.25,49.38,5811201,-0.43,-0.86328,49.65
2024-05-07,EBAY,49.59,50.27,49.59,50.07,4695820,0.48,0.96794,49.88
2024-05-08,EBAY,49.76,49.94,49.6,49.69,3847100,-0.07,-0.14068,49.7475
2024-05-09,EBAY,49.77,50.4,49.7,50.34,3980537,0.57,1.15,50.0525
2024-05-10,EBAY,50.5,51.09,50.43,51.0,3873017,0.5,0.9901,50.755
2024-05-13,EBAY,51.14,52.16,51.04,51.99,5039653,0.85,1.66,51.5825
2024-05-14,EBAY,52.31,52.49,51.6,52.1,3472640,-0.21,-0.40145,52.125
2024-05-15,EBAY,52.37,52.65,51.78,52.42,3914873,0.05,0.09547451,52.305
2024-05-16,EBAY,52.42,53.04,52.06,52.7,5236528,0.28,0.53415,52.555
2024-05-17,EBAY,52.64,52.78,51.12,51.48,4607241,-1.16,-2.2,52.005
2024-05-20,EBAY,51.45,51.62,51.02,51.24,3056720,-0.21,-0.40816,51.3325
2024-05-21,EBAY,51.13,52.37,51.13,52.17,3739649,1.04,2.03,51.7
2024-05-22,EBAY,52.19,52.85,51.87,52.8,4733946,0.61,1.17,52.4275
2024-05-23,EBAY,52.8,52.89,52.31,52.81,4828929,0.01,0.01893939,52.7025
2024-05-24,EBAY,53.0,54.59,53.0,54.41,7773908,1.41,2.66,53.75
2024-05-28,EBAY,54.14,55.15,52.84,52.9,7242958,-1.24,-2.29,53.7575
2024-05-29,EBAY,52.26,52.38,51.38,52.09,6445500,-0.17,-0.3253,52.0275
2024-05-30,EBAY,51.94,53.64,51.86,53.35,5853037,1.41,2.71,52.6975
2024-05-31,EBAY,53.09,54.25,53.02,54.22,7405700,1.13,2.13,53.645
2024-06-03,EBAY,54.05,54.24,53.19,53.61,6043108,-0.44,-0.81406,53.7725
2024-06-04,EBAY,53.4,54.03,52.94,53.75,5010627,0.35,0.65543,53.53
2024-06-05,EBAY,53.73,54.25,52.79,53.01,4852000,-0.72,-1.34,53.445
2024-06-06,EBAY,53.81,53.84,53.31,53.39,4921633,-0.42,-0.78052,53.5875
2024-06-07,EBAY,53.35,53.75,53.03,53.08,4337360,-0.27,-0.50609,53.3025
2024-06-10,EBAY,52.65,53.19,52.42,53.15,3595229,0.5,0.94967,52.8525
2024-06-11,EBAY,52.77,53.03,52.14,53.0,4198241,0.23,0.43585,52.735
2024-06-12,EBAY,53.41,53.7,52.81,53.19,4573400,-0.22,-0.41191,53.2775
2024-06-13,EBAY,53.4,54.34,53.36,53.69,4641800,0.29,0.54307,53.6975
2024-06-14,EBAY,53.08,53.45,51.95,52.13,5737341,-0.95,-1.79,52.6525
2024-06-17,EBAY,52.01,53.22,51.72,53.14,4399926,1.13,2.17,52.5225
2024-06-18,EBAY,52.85,54.59,52.85,54.55,5615016,1.7,3.22,53.71
2024-06-20,EBAY,54.66,54.95,53.47,53.84,4643100,-0.82,-1.5,54.23
2024-06-21,EBAY,53.88,54.47,53.67,54.15,10478403,0.27,0.50111,54.0425
2024-06-24,EBAY,54.32,54.96,53.99,54.01,5694800,-0.31,-0.57069,54.32
2024-06-25,EBAY,53.9,55.35,53.81,53.95,4369984,0.05,0.09276438,54.2525
2024-06-26,EBAY,53.54,54.27,53.32,53.69,3473325,0.15,0.28016,53.705
2024-06-27,EBAY,53.66,53.67,52.86,53.05,4167276,-0.605,-1.14,53.31
2024-06-28,EBAY,52.96,53.95,52.67,53.72,7190988,0.76,1.44,53.325
2024-07-01,EBAY,53.85,53.91,52.28,52.68,4501157,-1.17,-2.17,53.18
2024-07-02,EBAY,52.57,53.4,52.03,53.25,4175108,0.68,1.29,52.8125
2024-07-03,EBAY,53.43,53.6,52.23,52.61,2803038,-0.818,-1.53,52.9675
2024-07-05,EBAY,52.53,52.95,52.14,52.87,2686427,0.34,0.64725,52.6225
2024-07-08,EBAY,52.81,52.92,52.39,52.79,3875800,-0.02,-0.03787162,52.7275
2024-07-09,EBAY,52.72,53.06,52.15,52.65,3419500,-0.07,-0.13278,52.645
2024-07-10,EBAY,52.59,53.07,52.19,52.98,2684115,0.39,0.74159,52.7075
2024-07-11,EBAY,53.28,54.18,53.28,54.02,3264969,0.74,1.39,53.69
2024-07-12,EBAY,54.36,54.64,53.84,54.19,3897360,-0.17,-0.31273,54.2575
2024-07-15,EBAY,53.71,54.27,53.57,53.72,3259200,0.01,0.01861851,53.8175
2024-07-16,EBAY,53.9,55.5,53.61,55.42,3995509,1.52,2.82,54.6075
2024-07-17,EBAY,55.23,55.69,54.42,54.58,3746533,-0.65,-1.18,54.98
2024-07-18,EBAY,54.63,55.62,54.34,54.39,3630700,-0.24,-0.43932,54.745
2024-07-19,EBAY,54.59,54.64,53.5,53.6,3488819,-0.99,-1.81,54.0825
2024-07-22,EBAY,53.78,54.35,53.39,53.91,3406522,0.13,0.24173,53.8575
2024-07-23,EBAY,53.76,53.93,53.11,53.24,4678781,-0.52,-0.96726,53.51
2024-07-24,EBAY,53.47,54.05,53.27,53.66,5898425,0.19,0.35534,53.6125
2024-07-25,EBAY,53.67,54.38,53.1,53.12,4852000,-0.55,-1.02,53.5675
2024-07-26,EBAY,53.7,54.83,53.64,54.18,4130200,0.48,0.89385,54.0875
2024-07-29,EBAY,54.44,55.22,54.32,54.61,4469834,0.17,0.31227,54.6475
2024-07-30,EBAY,54.64,55.5,54.6,55.4,4410500,0.76,1.39,55.035
2024-07-31,EBAY,55.5,55.86,54.74,55.61,7601900,0.11,0.1982,55.4275
2024-08-01,EBAY,55.06,57.68,53.74,56.23,7876901,1.17,2.12,55.6775
2024-08-02,EBAY,55.71,56.85,55.34,56.2,5578664,0.49,0.87955,56.025
2024-08-05,EBAY,54.9,56.21,54.55,54.66,7416200,-0.24,-0.43716,55.08
2024-08-06,EBAY,55.0,56.65,54.56,55.92,4492200,0.92,1.67,55.5325
2024-08-07,EBAY,56.28,56.78,55.05,55.11,4871302,-1.17,-2.08,55.805
2024-08-08,EBAY,55.51,56.0,55.15,55.94,2640204,0.43,0.77464,55.65
2024-08-09,EBAY,56.0,56.74,55.86,56.52,2952200,0.52,0.92857,56.28
2024-08-12,EBAY,56.75,57.18,55.5,55.81,4194103,-0.94,-1.66,56.31
2024-08-13,EBAY,56.13,56.4,55.25,55.7,4889137,-0.43,-0.76608,55.87
2024-08-14,EBAY,55.89,56.71,55.75,55.76,2993000,-0.13,-0.2326,56.0275
2024-08-15,EBAY,56.33,56.66,55.61,55.83,4940092,-0.5,-0.88763,56.1075
2024-08-16,EBAY,55.9,56.0,54.8,55.5,4966900,-0.4,-0.71556,55.55
2024-08-19,EBAY,55.43,56.94,55.29,56.68,3557384,1.25,2.26,56.085
2024-08-20,EBAY,56.73,56.97,56.37,56.94,3137700,0.21,0.37017,56.7525
2024-08-21,EBAY,57.03,58.8,56.62,58.68,5541190,1.65,2.89,57.7825
2024-08-22,EBAY,58.79,59.36,58.31,59.02,3875000,0.23,0.39122,58.87
2024-08-23,EBAY,59.22,59.3,58.48,58.88,2824300,-0.34,-0.57413,58.97
2024-08-26,EBAY,58.94,59.47,58.65,59.0,3196937,0.06,0.1018,59.015
2024-08-27,EBAY,58.9,59.85,58.69,59.37,4134243,0.47,0.79796,59.2025
2024-08-28,EBAY,59.21,59.21,57.68,57.78,4002800,-1.43,-2.42,58.47
2024-08-29,EBAY,58.0,59.38,57.86,58.6,3422100,0.6,1.03,58.46
2024-08-30,EBAY,58.53,59.22,58.37,59.1,5430200,0.57,0.97386,58.805
2024-09-03,EBAY,58.9,59.79,58.5,58.8,4229074,-0.1,-0.16978,58.9975
2024-09-04,EBAY,58.84,59.27,58.43,58.95,3775268,0.11,0.18695,58.8725
2024-09-05,EBAY,58.97,59.5,58.74,59.12,4199828,0.15,0.25437,59.0825
2024-09-06,EBAY,59.17,59.57,58.64,59.2,5032137,0.03,0.05070137,59.145
2024-09-09,EBAY,59.35,59.76,58.63,59.43,4075041,0.08,0.13479,59.2925
2024-09-10,EBAY,59.44,60.45,59.22,60.26,4091494,0.82,1.38,59.8425
2024-09-11,EBAY,60.26,60.83,59.7,60.73,5393757,0.47,0.77995,60.38
2024-09-12,EBAY,60.89,63.27,60.82,63.18,8941811,2.29,3.76,62.04
2024-09-13,EBAY,63.38,63.9,62.31,63.44,5556646,0.06,0.09466709,63.2575
2024-09-16,EBAY,63.44,64.42,63.16,64.36,4526746,0.92,1.45,63.845
2024-09-17,EBAY,64.54,64.96,63.67,64.88,5918000,0.34,0.52681,64.5125
2024-09-18,EBAY,64.69,64.84,63.02,63.17,6414534,-1.52,-2.35,63.93
2024-09-19,EBAY,63.9,63.98,62.78,63.22,5348938,-0.68,-1.06,63.47
2024-09-20,EBAY,62.69,63.37,62.25,62.72,19791045,0.03,0.04785452,62.7575
2024-09-23,EBAY,62.77,63.91,62.71,63.45,4806382,0.68,1.08,63.21
2024-09-24,EBAY,63.8,65.44,63.57,65.44,5275036,1.64,2.57,64.5625
2024-09-25,EBAY,65.03,65.4,64.06,64.1,5110742,-0.93,-1.43,64.6475
2024-09-26,EBAY,64.26,64.61,63.64,63.94,3726696,-0.32,-0.49798,64.1125
2024-09-27,EBAY,64.1,64.42,63.61,64.0,4479200,-0.1,-0.15601,64.0325
2024-09-30,EBAY,63.94,65.28,63.94,65.11,5394282,1.17,1.83,64.5675
2024-10-01,EBAY,65.15,66.1,64.43,65.83,5298829,0.68,1.04,65.3775
2024-10-02,EBAY,65.46,66.23,65.0,65.2,4938000,-0.26,-0.39719,65.4725
2024-10-03,EBAY,65.07,65.43,64.68,65.38,3397628,0.31,0.47641,65.14
2024-10-04,EBAY,66.19,66.47,65.71,66.29,3065960,0.1,0.15108,66.165
2024-10-07,EBAY,66.21,66.85,66.08,66.77,3752144,0.56,0.84579,66.4775
2024-10-08,EBAY,66.75,67.66,66.72,67.17,3563904,0.42,0.62921,67.075
2024-10-09,EBAY,67.05,67.28,66.67,66.95,3645238,-0.1,-0.14914,66.9875
2024-10-10,EBAY,66.96,67.72,65.79,66.05,3656731,-0.91,-1.36,66.63
2024-10-11,EBAY,66.43,66.96,66.22,66.33,3223940,-0.1,-0.15053,66.485
2024-10-14,EBAY,66.24,67.06,66.12,66.88,3404047,0.64,0.96618,66.575
2024-10-15,EBAY,66.93,67.8,66.89,66.99,3956000,0.06,0.0896459,67.1525
2024-10-16,EBAY,66.83,67.28,66.62,66.92,2804474,0.09,0.13467,66.9125
2024-10-17,EBAY,66.92,67.22,65.33,65.36,4987733,-1.56,-2.33,66.2075
2024-10-18,EBAY,65.4,65.4,64.47,64.95,5186500,-0.45,-0.68807,65.055
2024-10-21,EBAY,64.82,65.36,64.02,64.16,3385548,-0.66,-1.02,64.59
2024-10-22,EBAY,63.9,64.23,63.25,63.32,4387624,-0.58,-0.90767,63.675
2024-10-23,EBAY,63.95,64.56,63.27,63.67,3574200,-0.28,-0.43784,63.8625
2024-10-24,EBAY,63.77,64.44,63.34,63.59,4559624,-0.18,-0.28226,63.785
2024-10-25,EBAY,63.85,64.04,63.01,63.1,3117256,-0.75,-1.17,63.5
2024-10-28,EBAY,63.6,63.73,62.96,62.99,3072157,-0.614,-0.95912,63.32
2024-10-29,EBAY,62.59,63.3,62.44,62.77,4675421,0.18,0.28759,62.775
2024-10-30,EBAY,62.74,62.86,62.03,62.63,7200329,-0.11,-0.17533,62.565
2024-10-31,EBAY,58.89,58.89,56.33,57.51,10499321,-1.37,-2.34,57.905
2024-11-01,EBAY,57.7,58.31,57.54,58.11,7848154,0.41,0.71057,57.915
2024-11-04,EBAY,58.05,60.33,58.05,60.23,6351374,2.18,3.76,59.165
2024-11-05,EBAY,60.73,61.57,60.58,61.51,5236835,0.78,1.28,61.0975
2024-11-06,EBAY,61.99,62.63,60.35,61.08,5512035,-0.91,-1.47,61.5125
2024-11-07,EBAY,60.9,62.24,60.84,62.02,4975108,1.12,1.84,61.5
2024-11-08,EBAY,62.41,62.5,61.5,61.89,3260382,-0.52,-0.8332,62.075
2024-11-11,EBAY,62.0,62.89,61.97,62.43,3432938,0.43,0.69355,62.3225
2024-11-12,EBAY,62.11,62.74,61.0,61.5,4008037,-0.61,-0.98213,61.8375
2024-11-13,EBAY,61.68,62.09,60.96,61.89,4251500,0.21,0.34047,61.655
2024-11-14,EBAY,61.6,62.73,61.14,62.3,4195571,0.7,1.14,61.9425
2024-11-15,EBAY,62.3,62.46,61.07,61.43,5167624,-0.87,-1.4,61.815
2024-11-18,EBAY,61.39,61.87,61.13,61.41,2731302,0.02,0.0325786,61.45
2024-11-19,EBAY,61.01,61.55,60.4,61.1,3654664,0.09,0.14752,61.015
2024-11-20,EBAY,60.63,60.94,60.12,60.82,3981000,0.19,0.31338,60.6275
2024-11-21,EBAY,60.98,61.99,60.44,61.41,3527778,0.43,0.70515,61.205
2024-11-22,EBAY,61.77,63.43,61.57,63.24,3104500,1.47,2.38,62.5025
2024-11-25,EBAY,63.75,65.91,63.68,64.99,7571805,1.24,1.95,64.5825
2024-11-26,EBAY,64.92,65.51,64.78,65.09,3192727,0.17,0.26186,65.075
2024-11-27,EBAY,65.2,65.2,64.07,64.31,2818600,-0.89,-1.37,64.695
2024-11-29,EBAY,64.01,64.4,63.25,63.29,3266400,-0.72,-1.12,63.7375
2024-12-02,EBAY,63.21,63.31,62.15,63.17,4655700,-0.04,-0.06328113,62.96
2024-12-03,EBAY,62.91,63.51,62.57,62.94,2982859,0.03,0.04768717,62.9825
2024-12-04,EBAY,62.97,64.0,61.16,63.32,3406954,0.35,0.55582,62.8625
2024-12-05,EBAY,63.27,63.94,63.06,63.62,2373524,0.35,0.55318,63.4725
2024-12-06,EBAY,64.01,64.48,63.59,63.62,2871330,-0.39,-0.60928,63.925
2024-12-09,EBAY,63.73,66.06,63.26,65.14,5440300,1.41,2.21,64.5475
2024-12-10,EBAY,62.55,63.5,61.86,63.23,5171400,0.68,1.09,62.785
2024-12-11,EBAY,63.23,64.39,63.16,63.17,4689000,-0.06,-0.09489167,63.4875
2024-12-12,EBAY,63.1,64.57,63.03,63.9,3771126,0.8,1.27,63.65
2024-12-13,EBAY,63.88,64.26,63.5,63.84,4278640,-0.04,-0.06261741,63.87
2024-12-16,EBAY,63.48,64.19,62.6,63.64,4414189,0.16,0.25205,63.4775
2024-12-17,EBAY,65.2,65.2,63.71,64.23,4507261,-0.97,-1.49,64.585
2024-12-18,EBAY,64.52,66.52,64.08,64.11,7134743,-0.41,-0.63546,64.8075
2024-12-19,EBAY,64.4,65.63,63.72,63.95,5237989,-0.45,-0.69876,64.425
2024-12-20,EBAY,63.67,65.49,63.35,65.01,12499951,1.34,2.1,64.38
2024-12-23,EBAY,64.8,65.17,63.32,63.63,4131253,-1.17,-1.81,64.23
2024-12-24,EBAY,63.57,63.9,63.08,63.78,1471910,0.21,0.33034,63.5825
2024-12-26,EBAY,63.57,64.12,63.33,63.81,1840641,0.24,0.37754,63.7075
2024-12-27,EBAY,63.36,63.8,62.46,62.81,1997500,-0.55,-0.86806,63.1075
2024-12-30,EBAY,62.46,62.67,60.74,62.06,3293847,-0.4,-0.64041,61.9825
2024-12-31,EBAY,62.28,62.68,61.87,61.95,2131378,-0.33,-0.52987,62.195
2025-01-02,EBAY,61.92,62.96,61.87,62.27,2572596,0.35,0.56525,62.255
2025-01-03,EBAY,62.53,62.66,61.11,61.61,4665100,-0.92,-1.47,61.9775
2025-01-06,EBAY,62.01,63.75,61.8,62.94,5520633,0.93,1.5,62.625
2025-01-07,EBAY,63.64,64.38,62.9,63.17,3867301,-0.47,-0.73853,63.5225
2025-01-08,EBAY,67.9,71.52,67.81,69.4,22044714,1.5,2.21,69.1575
2025-01-10,EBAY,68.71,69.13,65.85,65.9,8234600,-2.8,-4.09,67.3975
2025-01-13,EBAY,64.5,66.36,64.27,65.72,4122218,1.22,1.89,65.2125
2025-01-14,EBAY,65.65,66.23,64.2,64.41,4513900,-1.24,-1.89,65.1225
2025-01-15,EBAY,64.83,65.57,64.2,65.11,4351432,0.28,0.4319,64.9275
2025-01-16,EBAY,64.8,65.3,64.41,65.06,2945400,0.26,0.40123,64.8925
2025-01-17,EBAY,65.5,66.47,65.5,66.19,3719100,0.69,1.05,65.915
2025-01-21,EBAY,65.9,66.11,63.91,64.63,3863911,-1.27,-1.93,65.1375
2025-01-22,EBAY,64.63,65.06,63.83,63.88,3875810,-0.75,-1.16,64.35
2025-01-23,EBAY,63.81,65.79,63.5,64.75,5689800,0.94,1.47,64.4625
2025-01-24,EBAY,64.99,65.42,64.42,64.81,2522610,-0.182,-0.27697,64.91
2025-01-27,EBAY,64.68,66.86,64.3,66.84,4402865,2.16,3.34,65.67
2025-01-28,EBAY,66.51,67.27,66.0,67.19,3202394,0.68,1.02,66.7425
2025-01-29,EBAY,67.47,67.64,65.96,66.0,3537542,-1.47,-2.18,66.7675
2025-01-30,EBAY,66.5,67.97,66.43,67.52,2973300,1.02,1.53,67.105
2025-01-31,EBAY,67.41,67.92,67.08,67.48,3347209,0.07,0.10384,67.4725
2025-02-03,EBAY,66.6,67.63,66.37,67.18,3541437,0.58,0.87087,66.945
2025-02-04,EBAY,67.45,67.72,66.14,66.95,3035146,-0.5,-0.74129,67.065
2025-02-05,EBAY,67.12,68.65,66.83,67.39,4622919,0.27,0.40226,67.4975
2025-02-06,EBAY,67.47,68.03,67.08,67.5,2641100,0.03,0.04446421,67.52
2025-02-07,EBAY,67.38,68.64,67.38,67.83,2608014,0.45,0.66785,67.8075
2025-02-10,EBAY,68.04,68.62,67.85,68.26,2847338,0.22,0.32334,68.1925
2025-02-11,EBAY,67.82,69.22,67.56,68.46,3615543,0.64,0.94367,68.265
2025-02-12,EBAY,67.63,68.5,67.08,67.94,3090849,0.31,0.45838,67.7875
2025-02-13,EBAY,67.95,69.38,67.3,69.26,3782441,1.31,1.93,68.4725
2025-02-14,EBAY,70.0,70.03,69.28,69.9,3502000,-0.1,-0.14286,69.8025
2025-02-18,EBAY,69.99,70.11,69.07,69.79,3784349,-0.2,-0.28576,69.74
2025-02-19,EBAY,68.81,69.48,67.52,69.32,3441200,0.51,0.74117,68.7825
2025-02-20,EBAY,69.4,69.57,68.39,69.46,2910642,0.06,0.08645533,69.205
2025-02-21,EBAY,69.79,70.27,69.1,69.39,4012648,-0.4,-0.57315,69.6375
2025-02-24,EBAY,69.68,70.69,69.13,69.99,6287156,0.31,0.44489,69.8725
2025-02-25,EBAY,70.38,71.02,69.77,70.93,6185130,0.55,0.78147,70.525
2025-02-26,EBAY,71.11,71.61,68.84,69.14,8935600,-1.97,-2.77,70.175
2025-02-27,EBAY,64.29,65.81,61.55,63.48,17663400,-0.81,-1.26,63.7825
2025-02-28,EBAY,63.41,64.76,63.08,64.74,8587679,1.33,2.1,63.9975
2025-03-03,EBAY,65.01,66.47,64.75,65.22,5689032,0.215,0.32303,65.3625
2025-03-04,EBAY,65.1,68.04,64.97,66.67,9032222,1.57,2.41,66.195
2025-03-05,EBAY,66.66,67.18,65.19,66.55,4965913,-0.11,-0.16502,66.395
2025-03-06,EBAY,66.19,67.9,66.08,67.87,5342909,1.68,2.54,67.01
2025-03-07,EBAY,67.61,70.72,67.37,70.51,7389610,2.9,4.29,69.0525
2025-03-10,EBAY,70.34,71.48,66.82,68.19,9352000,-2.15,-3.06,69.2075
2025-03-11,EBAY,68.3,68.47,65.03,65.22,7255463,-3.08,-4.51,66.755
2025-03-12,EBAY,65.48,66.37,64.63,65.13,5012573,-0.35,-0.53451,65.4025
2025-03-13,EBAY,65.13,65.77,64.07,64.25,3471128,-0.88,-1.35,64.805
2025-03-14,EBAY,64.68,65.46,64.32,65.28,3257982,0.6,0.92764,64.935
2025-03-17,EBAY,65.32,67.88,65.28,67.44,4344933,2.13,3.25,66.48
2025-03-18,EBAY,67.31,67.5,64.88,65.24,4625178,-2.07,-3.08,66.2325
2025-03-19,EBAY,65.5,67.57,65.36,67.2,5934897,1.7,2.6,66.4075
2025-03-20,EBAY,66.78,68.0,66.23,66.34,4143886,-0.44,-0.65888,66.8375
2025-03-21,EBAY,66.18,66.18,65.21,65.78,15354000,-0.4,-0.60441,65.8375
2025-03-24,EBAY,66.34,66.62,64.87,66.54,4209000,0.2,0.30148,66.0925
2025-03-25,EBAY,66.86,67.2,66.12,66.3,4084600,-0.56,-0.83757,66.62
2025-03-26,EBAY,66.21,66.53,65.08,65.58,4241247,-0.63,-0.95152,65.85
2025-03-27,EBAY,65.68,67.34,65.2,66.81,3592401,1.13,1.72,66.2575
2025-03-28,EBAY,67.3,67.86,66.29,67.16,5705517,-0.135,-0.20802,67.1525
2025-03-31,EBAY,67.02,68.11,66.24,67.73,5533694,0.71,1.06,67.275
2025-04-01,EBAY,67.6,68.97,67.08,67.8,5340449,0.205,0.29586,67.8625
2025-04-02,EBAY,67.01,68.24,66.68,67.42,4153300,0.41,0.61185,67.3375
2025-04-03,EBAY,66.22,68.48,65.24,66.36,5972600,0.14,0.21142,66.575
2025-04-04,EBAY,64.68,65.39,62.35,62.4,8339100,-2.28,-3.53,63.705
2025-04-07,EBAY,61.2,63.75,59.71,61.19,9851124,-0.01,-0.01633987,61.4625
2025-04-08,EBAY,62.2,63.21,58.71,59.52,7270600,-2.68,-4.31,60.91
2025-04-09,EBAY,59.27,63.53,58.97,61.96,10104700,2.69,4.54,60.9325
2025-04-10,EBAY,61.41,63.28,60.68,62.47,6577600,1.06,1.73,61.96
2025-04-11,EBAY,62.49,65.33,61.74,64.58,5546179,2.09,3.34,63.535
2025-04-14,EBAY,65.04,66.6,64.25,66.07,5278813,1.03,1.58,65.49
2025-04-15,EBAY,66.22,66.98,65.27,65.5,3519283,-0.72,-1.09,65.9925
2025-04-16,EBAY,65.5,67.36,65.17,65.47,7165700,-0.03,-0.04580153,65.875
2025-04-17,EBAY,66.1,66.86,65.61,66.26,3338579,0.16,0.24206,66.2075
2025-04-21,EBAY,66.27,66.82,64.68,65.63,5056629,-0.64,-0.96575,65.85
2025-04-22,EBAY,65.04,67.68,64.93,67.05,5133700,2.01,3.09,66.175
2025-04-23,EBAY,67.53,67.71,65.59,66.63,5290234,-0.9,-1.33,66.865
2025-04-24,EBAY,66.96,67.45,65.24,67.2,4760018,0.24,0.35842,66.7125
2025-04-25,EBAY,67.45,68.05,66.81,67.83,4200839,0.38,0.56338,67.535
2025-04-28,EBAY,68.0,68.8,66.25,66.32,8160124,-1.68,-2.47,67.3425
2025-04-29,EBAY,65.79,67.74,65.0,67.2,7765300,1.41,2.14,66.4325
2025-04-30,EBAY,66.39,68.43,65.23,68.16,9872800,1.77,2.67,67.0525
2025-05-01,EBAY,70.05,70.45,67.19,67.67,9927432,-2.38,-3.4,68.84
2025-05-02,EBAY,67.8,68.88,67.48,68.6,5894132,0.8,1.18,68.19
2025-05-05,EBAY,68.32,70.94,68.15,70.31,5164341,2.0,2.91,69.43
2025-05-06,EBAY,69.64,70.54,69.64,70.36,3734907,0.72,1.03,70.045
2025-05-07,EBAY,70.21,71.16,69.67,69.76,4200967,-0.45,-0.64093,70.2
2025-05-08,EBAY,69.7,71.53,69.4,70.56,5813723,0.86,1.23,70.2975
2025-05-09,EBAY,70.55,70.61,69.27,69.51,3476490,-1.04,-1.47,69.985
2025-05-12,EBAY,70.8,71.09,67.87,69.16,7539237,-1.64,-2.32,69.73
2025-05-13,EBAY,69.66,70.26,68.6,69.17,4900139,-0.49,-0.70342,69.4225
2025-05-14,EBAY,69.0,69.68,68.89,69.15,3683800,0.15,0.21739,69.18
2025-05-15,EBAY,69.65,70.8,69.41,70.6,5585308,0.95,1.36,70.115
2025-05-16,EBAY,70.81,71.9,70.42,71.84,5575100,1.03,1.45,71.2425
2025-05-19,EBAY,71.1,72.49,70.72,72.43,4096800,1.33,1.87,71.685
2025-05-20,EBAY,72.39,72.94,72.04,72.59,5081300,0.2,0.27628,72.49
2025-05-21,EBAY,72.25,72.61,71.43,71.58,3949907,-0.67,-0.92734,71.9675
2025-05-22,EBAY,71.0,72.52,71.0,72.15,4064714,1.15,1.62,71.6675
2025-05-23,EBAY,71.57,72.65,71.53,71.92,3562380,0.35,0.48903,71.9175
2025-05-27,EBAY,72.52,72.94,71.69,72.44,4285707,-0.08,-0.11031,72.3975
2025-05-28,EBAY,72.48,73.18,71.85,72.4,6426900,-0.08,-0.11038,72.4775
2025-05-29,EBAY,72.71,73.09,72.12,72.74,3271961,0.03,0.0412598,72.665
2025-05-30,EBAY,72.42,73.34,72.33,73.17,8558000,0.75,1.04,72.815
2025-06-02,EBAY,72.84,74.94,72.83,74.53,5304801,1.69,2.32,73.785
2025-06-03,EBAY,74.33,76.06,74.21,75.95,6931800,1.62,2.18,75.1375
2025-06-04,EBAY,76.27,77.33,75.96,77.1,6285402,0.83,1.09,76.665
2025-06-05,EBAY,77.25,78.65,77.12,77.74,6642375,0.49,0.6343,77.69
2025-06-06,EBAY,78.11,79.5,77.89,78.61,4755977,0.5,0.64012,78.5275
2025-06-09,EBAY,78.31,79.66,77.78,79.36,4877437,1.05,1.34,78.7775
2025-06-10,EBAY,79.33,79.84,78.62,78.77,6075307,-0.56,-0.70591,79.14
2025-06-11,EBAY,78.63,78.77,77.16,77.88,6244829,-0.75,-0.95383,78.11
2025-06-12,EBAY,78.08,78.15,77.08,77.44,4679860,-0.64,-0.81967,77.6875
2025-06-13,EBAY,76.95,78.11,76.73,77.36,3415924,0.41,0.53281,77.2875
2025-06-16,EBAY,77.81,78.1,76.89,77.71,4940500,-0.1,-0.12852,77.6275
2025-06-17,EBAY,77.44,77.7,77.03,77.4,5041600,-0.04,-0.05165289,77.3925
2025-06-18,EBAY,77.48,78.25,76.86,77.53,6705715,0.05,0.06453278,77.53
2025-06-20,EBAY,77.8,78.19,77.05,77.62,11018100,-0.18,-0.23136,77.665
2025-06-23,EBAY,77.5,77.95,76.4,76.86,5935100,-0.64,-0.82581,77.1775
2025-06-24,EBAY,77.05,77.08,74.32,74.35,9152883,-2.7,-3.5,75.7
2025-06-25,EBAY,74.22,75.46,74.04,74.52,4787800,0.295,0.4042,74.56
2025-06-26,EBAY,74.62,74.95,72.84,73.68,6989631,-0.94,-1.26,74.0225
2025-06-27,EBAY,73.91,74.4,73.18,73.76,7445645,-0.15,-0.20295,73.8125
2025-06-30,EBAY,74.24,74.6,73.68,74.46,4932345,0.22,0.29634,74.245
2025-07-01,EBAY,74.79,77.07,74.66,76.1,6177640,1.31,1.75,75.655
2025-07-02,EBAY,75.87,76.32,75.24,75.78,3920767,-0.09,-0.11862,75.8025
2025-07-03,EBAY,76.13,76.8,75.95,76.36,2162941,0.23,0.30211,76.31
2025-07-07,EBAY,76.17,76.75,75.28,75.91,4845942,-0.26,-0.34134,76.0275
2025-07-08,EBAY,75.69,75.9,75.12,75.33,3405300,-0.36,-0.47562,75.51
2025-07-09,EBAY,75.56,76.33,75.17,76.32,3495293,0.76,1.01,75.845
2025-07-10,EBAY,76.97,77.7,76.08,77.22,3905024,0.25,0.3248,76.9925
2025-07-11,EBAY,77.31,77.31,76.24,77.11,3593597,-0.2,-0.2587,76.9925
2025-07-14,EBAY,77.25,78.25,77.16,77.63,3283926,0.38,0.49191,77.5725
2025-07-15,EBAY,77.57,78.43,77.17,77.22,3587877,-0.35,-0.45121,77.5975
2025-07-16,EBAY,76.94,77.35,76.23,76.92,4003000,-0.025,-0.02599428,76.86
2025-07-17,EBAY,77.21,77.85,75.78,76.79,4393400,-0.42,-0.54397,76.9075
2025-07-18,EBAY,76.96,78.37,76.85,78.14,6744600,1.18,1.53,77.58
2025-07-21,EBAY,78.62,79.23,78.29,79.03,3425096,0.41,0.5215,78.7925
2025-07-22,EBAY,79.48,81.91,79.35,81.76,4214611,2.28,2.87,80.625
2025-07-23,EBAY,82.02,82.11,81.03,81.93,5339450,-0.09,-0.10973,81.7725
2025-07-24,EBAY,82.22,82.95,81.82,82.45,5202750,0.23,0.27974,82.36
2025-07-25,EBAY,83.02,83.53,81.39,81.43,6918937,-1.59,-1.92,82.3425
2025-07-28,EBAY,81.19,81.28,78.46,79.0,9522172,-2.19,-2.7,79.9825
2025-07-29,EBAY,79.05,79.3361,78.0,78.5,4320938,-0.55,-0.69576218,78.61
